PseDNC1,PseDNC2,PseDNC3,PseDNC4,PseDNC5,PseDNC6,PseDNC7,PseDNC8,PseDNC9,PseDNC10,PseDNC11,PseDNC12,PseDNC13,PseDNC14,PseDNC15,PseDNC16,PseDNC17,PseDNC18,Target
0.074189495,0.055642121,0.037094747,0.037094747,0.055642121,0.018547374,0,0.055642121,0.037094747,0.018547374,0,0.037094747,0.018547374,0.037094747,0.074189495,0.185473737,0.121424329,0.136680722,0
0.017961243,0.017961243,0.071844972,0.035922486,0.053883729,0.071844972,0,0.035922486,0.089806216,0.035922486,0.053883729,0.053883729,0,0.035922486,0.107767459,0.035922486,0.149737864,0.131812411,0
0.099224789,0.016537465,0.016537465,0.049612394,0.016537465,0.016537465,0.049612394,0.049612394,0.066149859,0.03307493,0.03307493,0.03307493,0.016537465,0.066149859,0.049612394,0.049612394,0.165017311,0.173484098,0
0.081442489,0.016288498,0.065153991,0.048865493,0.032576995,0.016288498,0.032576995,0,0.065153991,0,0.048865493,0.065153991,0.032576995,0.048865493,0.048865493,0.048865493,0.168496239,0.179963853,0
0,0.031299806,0.015649903,0.015649903,0.046949709,0.125199224,0.031299806,0.031299806,0.015649903,0.093899418,0.109549321,0.015649903,0,0,0.078249515,0.015649903,0.189749497,0.184254381,0
0.016266017,0.0975961,0.04879805,0.016266017,0.130128133,0.065064067,0.04879805,0.032532033,0.04879805,0.04879805,0,0.016266017,0,0.065064067,0,0.016266017,0.214556434,0.134802901,0
0.040745797,0.040745797,0.020372898,0.061118695,0.101864492,0.101864492,0,0.101864492,0,0.020372898,0,0.020372898,0,0.142610289,0.020372898,0.142610289,0.101859164,0.083224899,0
0.11646818,0,0.077645453,0.097056817,0.077645453,0.038822727,0,0.019411363,0.05823409,0.038822727,0.019411363,0.019411363,0.038822727,0.038822727,0.038822727,0.097056817,0.122603465,0.100942001,0
0,0.015406506,0.07703253,0.015406506,0.015406506,0.015406506,0.07703253,0.030813012,0.07703253,0.07703253,0.046219518,0.046219518,0,0.046219518,0.046219518,0.030813012,0.189660923,0.194078837,0
0.019400871,0.058202612,0.097004354,0.058202612,0.135806095,0.097004354,0,0.058202612,0.058202612,0.077603483,0,0,0.019400871,0.038801741,0.038801741,0.019400871,0.149371632,0.07459354,0
0.074044184,0.055533138,0.09255523,0.055533138,0.111066276,0.074044184,0.037022092,0,0.074044184,0.074044184,0.037022092,0,0,0.037022092,0.018511046,0,0.160591821,0.098966336,0
0.033410368,0.016705184,0,0.050115552,0.016705184,0.016705184,0.016705184,0.066820736,0.016705184,0.033410368,0.050115552,0.066820736,0.033410368,0.050115552,0.100231103,0.100231103,0.192676092,0.139116551,0
0.038628538,0.057942806,0,0.077257075,0.077257075,0.154514151,0,0.077257075,0.019314269,0,0,0.019314269,0.019314269,0.096571344,0.038628538,0.096571344,0.110650654,0.116778593,0
0.066391206,0.049793405,0,0.033195603,0.049793405,0.033195603,0,0.066391206,0,0.033195603,0.033195603,0.066391206,0.033195603,0.033195603,0.099586809,0.066391206,0.208091107,0.12799683,0
0.082540451,0.04952427,0.04952427,0.066032361,0.082540451,0,0.03301618,0.01650809,0.066032361,0.01650809,0,0.04952427,0.01650809,0.066032361,0.04952427,0.01650809,0.17305342,0.166622974,0
0.140229698,0.035057425,0.017528712,0.070114849,0.035057425,0.017528712,0.017528712,0.017528712,0.017528712,0.017528712,0.017528712,0.035057425,0.070114849,0.017528712,0.052586137,0.122700986,0.163980339,0.134871171,0
0,0.081563389,0.016312678,0.032625356,0.065250711,0.212064812,0.016312678,0.032625356,0.032625356,0.016312678,0.016312678,0.032625356,0.016312678,0.032625356,0.048938034,0,0.178708356,0.16878453,0
0.038224628,0.019112314,0.038224628,0.057336943,0.038224628,0.019112314,0,0.076449257,0.038224628,0.019112314,0.019112314,0.038224628,0.038224628,0.076449257,0.057336943,0.191123142,0.129085942,0.10642149,0
0.047082311,0.094164621,0.031388207,0.031388207,0.047082311,0.015694104,0,0.062776414,0.015694104,0.015694104,0.015694104,0.062776414,0.094164621,0,0.078470518,0.015694104,0.244559123,0.127676736,0
0.122191404,0,0.017455915,0.03491183,0.017455915,0,0.017455915,0.017455915,0,0,0.017455915,0.069823659,0.052367745,0.052367745,0.03491183,0.244382808,0.141840766,0.15992264,0
0.077713939,0.019428485,0.019428485,0.116570909,0.058285455,0,0,0.077713939,0.03885697,0.03885697,0,0.019428485,0.03885697,0.077713939,0.077713939,0.116570909,0.12218051,0.100680096,0
0.117788595,0.067307769,0.050480827,0.033653884,0.084134711,0.016826942,0,0.016826942,0.016826942,0.016826942,0.016826942,0.050480827,0.050480827,0.016826942,0.050480827,0.067307769,0.200645365,0.126276946,0
0.018321922,0.018321922,0.09160961,0.036643844,0.054965766,0.09160961,0,0.036643844,0.073287688,0,0.109931531,0.054965766,0,0.073287688,0.036643844,0.036643844,0.122662918,0.144460206,0
0.07354323,0.044125938,0.014708646,0,0.014708646,0.07354323,0.102960521,0.014708646,0.029417292,0.044125938,0.058834584,0.029417292,0.014708646,0.044125938,0,0.029417292,0.212766447,0.198887717,0
0,0.016487066,0.065948263,0,0.049461197,0.032974131,0.032974131,0.049461197,0.032974131,0.065948263,0.148383591,0.032974131,0,0.049461197,0.032974131,0.049461197,0.1512397,0.189277674,0
0.049150024,0,0.049150024,0.065533365,0.016383341,0,0,0,0.065533365,0,0.081916706,0.081916706,0.049150024,0.016383341,0.081916706,0.098300047,0.170802843,0.173863509,0
0.018807249,0.018807249,0.056421747,0.037614498,0,0.018807249,0,0.094036244,0.037614498,0.018807249,0.018807249,0.018807249,0.094036244,0.056421747,0.018807249,0.244494236,0.113232177,0.134477868,0
0,0.016217306,0.08108653,0.016217306,0.032434612,0.032434612,0.032434612,0.048651918,0.048651918,0.032434612,0.048651918,0.064869224,0.032434612,0.048651918,0.032434612,0.08108653,0.193234816,0.158072942,0
0.017749183,0.053247548,0.07099673,0.053247548,0.035498365,0.017749183,0,0.053247548,0.07099673,0.017749183,0.07099673,0.017749183,0.088745913,0.017749183,0.035498365,0.088745913,0.163243328,0.12678937,0
0.057322164,0.019107388,0.038214776,0.019107388,0.019107388,0,0.038214776,0.057322164,0.038214776,0.038214776,0.019107388,0.019107388,0,0.057322164,0.038214776,0.305718209,0.138581574,0.097122904,0
0.074862734,0.018715684,0.112294102,0.112294102,0.093578418,0,0,0.018715684,0.074862734,0.018715684,0,0.037431367,0.056147051,0.074862734,0.037431367,0.018715684,0.138224921,0.113147734,0
0,0.038269006,0.019134503,0.019134503,0.057403509,0.248748538,0.038269006,0.076538012,0.019134503,0.019134503,0.038269006,0.038269006,0,0.114807018,0.019134503,0.019134503,0.118411565,0.116208318,0
0.095854195,0,0.095854195,0.076683356,0,0,0,0.057512517,0.038341678,0,0.019170839,0.038341678,0.134195873,0.057512517,0,0.153366712,0.142098044,0.091068397,0
0.016875092,0.050625275,0.067500366,0.016875092,0.084375458,0.050625275,0,0.050625275,0.033750183,0.067500366,0.050625275,0.033750183,0.033750183,0.016875092,0.050625275,0.050625275,0.170208274,0.154788065,0
0.015990411,0.015990411,0.031980823,0.063961646,0.047971234,0.063961646,0.047971234,0.015990411,0.047971234,0.063961646,0.079952057,0.031980823,0.015990411,0.015990411,0.063961646,0.015990411,0.177681269,0.182702275,0
0.036906966,0.055360449,0.036906966,0.018453483,0.055360449,0.073813933,0,0.110720899,0.036906966,0.018453483,0,0.036906966,0.018453483,0.092267416,0.073813933,0.073813933,0.113602623,0.148258052,0
0.031109483,0.062218966,0.031109483,0.015554742,0.077773708,0.062218966,0.046664225,0.031109483,0.031109483,0.077773708,0.077773708,0.015554742,0,0.031109483,0.031109483,0,0.199324919,0.17848542,0
0.072629824,0.036314912,0.072629824,0.036314912,0.09078728,0,0,0.054472368,0.036314912,0.036314912,0.054472368,0.036314912,0.018157456,0.072629824,0.054472368,0.054472368,0.156813377,0.116888384,0
0.053501075,0.071334766,0.035667383,0.035667383,0.053501075,0.071334766,0,0.089168458,0.053501075,0.035667383,0.017833692,0.017833692,0.053501075,0.035667383,0.053501075,0.035667383,0.188617811,0.098034525,0
0.067018852,0.100528278,0.067018852,0.033509426,0.067018852,0,0.016754713,0.050264139,0.117282991,0.016754713,0.050264139,0,0.016754713,0.016754713,0.050264139,0,0.150860037,0.178951445,0
0,0.016444766,0.032889532,0.032889532,0.032889532,0.049334297,0.016444766,0.082223829,0.049334297,0.032889532,0.065779063,0.065779063,0,0.065779063,0.11511336,0,0.193458544,0.148750826,0
0.031527167,0.015763583,0.078817917,0.015763583,0.04729075,0.031527167,0.031527167,0.031527167,0.04729075,0.063054334,0.063054334,0.063054334,0.015763583,0.04729075,0.04729075,0,0.204132181,0.165324481,0
0.104090588,0.034696863,0.034696863,0.086742157,0.052045294,0,0,0.034696863,0.052045294,0.017348431,0.052045294,0.034696863,0.034696863,0.034696863,0.069393726,0.052045294,0.158376232,0.147686512,0
0,0.068214539,0.051160904,0.017053635,0.085268174,0.068214539,0,0.068214539,0.051160904,0.034107269,0.068214539,0.034107269,0,0.051160904,0.068214539,0.017053635,0.202836237,0.115018374,0
0.177123949,0.07084958,0.017712395,0.07084958,0.106274369,0.053137185,0,0.017712395,0,0,0,0.03542479,0.07084958,0.053137185,0.017712395,0.017712395,0.157484673,0.134019531,0
0,0,0.098030695,0.016338449,0.081692246,0.032676898,0.049015348,0.049015348,0,0.098030695,0.016338449,0.065353797,0.032676898,0.065353797,0.016338449,0.032676898,0.219629143,0.126832888,0
0.14961016,0.03740254,0.07480508,0.03740254,0.03740254,0.01870127,0,0.03740254,0.09350635,0.01870127,0.01870127,0.03740254,0.03740254,0.01870127,0.07480508,0.05610381,0.140651005,0.111298197,0
0.037799225,0.056698838,0.018899613,0.07559845,0.037799225,0.07559845,0,0.07559845,0.056698838,0,0,0.018899613,0.056698838,0.07559845,0.056698838,0.113397675,0.125553324,0.118462174,0
0,0.017821318,0.035642637,0.071285274,0.017821318,0.053463955,0,0.053463955,0.035642637,0.035642637,0.035642637,0.053463955,0.071285274,0.017821318,0.071285274,0.142570547,0.189372711,0.097774553,0
0.034108786,0.034108786,0.017054393,0.05116318,0.017054393,0.017054393,0,0.068217573,0,0.017054393,0.034108786,0.05116318,0.085271966,0.034108786,0.05116318,0.170543932,0.190980561,0.12684371,0
0.01832359,0.01832359,0.054970769,0.073294359,0.091617948,0.073294359,0,0.054970769,0,0.091617948,0,0.054970769,0.036647179,0.054970769,0.091617948,0.01832359,0.186525827,0.080530585,0
0.018324695,0.054974086,0.073298782,0.018324695,0.073298782,0.073298782,0.018324695,0.073298782,0.036649391,0,0,0.054974086,0.018324695,0.109948173,0.018324695,0.091623477,0.151129026,0.115883156,0
0.015304441,0.015304441,0.061217762,0,0.015304441,0.030608881,0.015304441,0.045913322,0.015304441,0.045913322,0.122435524,0.076522203,0.045913322,0.030608881,0.061217762,0.015304441,0.242691578,0.145130801,0
0,0.016071515,0,0.016071515,0.03214303,0.080357575,0,0.09642909,0,0.048214545,0.080357575,0.080357575,0,0.06428606,0.12857212,0,0.208255804,0.148883597,0
0.035600495,0.017800248,0.089001238,0.035600495,0.035600495,0.089001238,0,0.035600495,0.089001238,0.017800248,0.089001238,0.053400743,0.017800248,0.035600495,0.07120099,0,0.155103005,0.132887092,0
0,0.068724532,0.017181133,0.017181133,0.017181133,0,0,0.103086798,0.034362266,0,0.068724532,0.034362266,0.051543399,0.068724532,0.051543399,0.154630198,0.157286357,0.15546832,0
0.092980001,0.037192,0.018596,0.111576001,0.037192,0.037192,0,0.018596,0.055788001,0,0,0.018596,0.074384001,0.018596,0.055788001,0.167364002,0.132906043,0.123253947,0
0.032052982,0.064105964,0.032052982,0.048079473,0.048079473,0.032052982,0.032052982,0.064105964,0.032052982,0.032052982,0.032052982,0.032052982,0.064105964,0.048079473,0.032052982,0.016026491,0.186464608,0.172475748,0
0.088120389,0.035248156,0.035248156,0.070496311,0.052872233,0,0,0.052872233,0.017624078,0,0.035248156,0.035248156,0.052872233,0.070496311,0.017624078,0.140992622,0.156271116,0.138765774,0
0.103534063,0.034511354,0.034511354,0.086278385,0.017255677,0,0,0.017255677,0.069022708,0,0.051767031,0.017255677,0.086278385,0,0.034511354,0.138045417,0.155214815,0.154558101,0
0.039709673,0,0,0.059564509,0.019854836,0.079419346,0.039709673,0.158838691,0,0.039709673,0,0.019854836,0.019854836,0.178693528,0.019854836,0.119129018,0.124006028,0.081800515,0
0.034675937,0.034675937,0.052013906,0.104027812,0,0,0.017337969,0.052013906,0.086689843,0.017337969,0.034675937,0.017337969,0.104027812,0.017337969,0.052013906,0.069351875,0.177834166,0.128647088,0
0.033011718,0.033011718,0.033011718,0,0.033011718,0.115541012,0.049517576,0.082529294,0.016505859,0.066023435,0.033011718,0.033011718,0.016505859,0.066023435,0.049517576,0,0.18292398,0.156841668,0
0.015672301,0.031344602,0.047016903,0.015672301,0.031344602,0,0.031344602,0.078361506,0.015672301,0.062689205,0.047016903,0.031344602,0.047016903,0.047016903,0.015672301,0.109706108,0.167822256,0.205285699,0
0,0.066861778,0,0.033430889,0.050146333,0.117008111,0.016715444,0.066861778,0.016715444,0.033430889,0.066861778,0.016715444,0.016715444,0.050146333,0.050146333,0.066861778,0.168582501,0.16279972,0
0.091635954,0.018327191,0.054981572,0.054981572,0.073308763,0.036654382,0,0.054981572,0.018327191,0.018327191,0.036654382,0.054981572,0.036654382,0.091635954,0.036654382,0.054981572,0.124049987,0.142862381,0
0.178723248,0.059574416,0.079432555,0.059574416,0.079432555,0.059574416,0,0.019858139,0.079432555,0,0.019858139,0,0.019858139,0.039716277,0.019858139,0.079432555,0.105392997,0.100281457,0
0.028811237,0.028811237,0.043216855,0.014405618,0.057622474,0.028811237,0.072028092,0.014405618,0.028811237,0.043216855,0.057622474,0.057622474,0,0.057622474,0.014405618,0.028811237,0.2014181,0.222357164,0
0.016967945,0.016967945,0,0.016967945,0.016967945,0.101807667,0.016967945,0.084839723,0.016967945,0.050903834,0.067871778,0.033935889,0,0.050903834,0.067871778,0.118775612,0.155168808,0.166113409,0
0.112958934,0.037652978,0.037652978,0.075305956,0.075305956,0.037652978,0,0,0.056479467,0.018826489,0,0.037652978,0.037652978,0.018826489,0.075305956,0.131785423,0.14635616,0.100584282,0
0.017463242,0,0.034926485,0.052389727,0.017463242,0.017463242,0.034926485,0.087316211,0.052389727,0.069852969,0.087316211,0.017463242,0.017463242,0.069852969,0.069852969,0.052389727,0.155822227,0.145648082,0
0.16461739,0.020577174,0.041154348,0.061731521,0.082308695,0.041154348,0,0.082308695,0.041154348,0.041154348,0,0,0.020577174,0.102885869,0.041154348,0.082308695,0.081222748,0.095690302,0
0.037777862,0.018888931,0.018888931,0.094444655,0.018888931,0.037777862,0,0.056666793,0.037777862,0.037777862,0.018888931,0.018888931,0.075555724,0.018888931,0.075555724,0.18888931,0.132142699,0.112300063,0
0.033305221,0.033305221,0,0.116568275,0.033305221,0,0,0.033305221,0.033305221,0.016652611,0.016652611,0.083263054,0.083263054,0.016652611,0.133220886,0.033305221,0.24588122,0.08801435,0
0,0.05080095,0.0338673,0.067734599,0.0338673,0.01693365,0.01693365,0.084668249,0.05080095,0,0.0338673,0.0338673,0.05080095,0.084668249,0.0338673,0.084668249,0.147316979,0.175337027,0
0.103833023,0.017305504,0.069222015,0.086527519,0.051916511,0,0,0,0.069222015,0.017305504,0.034611008,0.051916511,0.069222015,0.017305504,0.051916511,0.051916511,0.151274154,0.156505694,0
0.073440873,0.018360218,0.055080655,0.036720437,0.055080655,0.018360218,0,0.055080655,0.018360218,0.018360218,0,0.073440873,0.055080655,0.073440873,0.055080655,0.128521528,0.139275767,0.1263155,0
0.095890855,0.019178171,0.038356342,0.057534513,0.019178171,0.038356342,0.019178171,0.038356342,0.095890855,0,0.057534513,0.038356342,0,0.057534513,0.076712684,0.115069025,0.096055688,0.136817475,0
0.014300932,0,0.057203728,0.014300932,0.014300932,0.014300932,0.042902796,0.028601864,0.014300932,0.07150466,0.085805592,0.07150466,0.042902796,0.014300932,0.042902796,0.042902796,0.197726593,0.230236124,0
0.014912221,0.059648886,0.044736664,0,0.029824443,0.014912221,0.014912221,0.059648886,0.059648886,0.029824443,0.044736664,0.059648886,0.029824443,0.014912221,0.074561107,0.044736664,0.218835091,0.184676051,0
0.094017972,0.018803594,0,0.112821567,0.056410783,0.037607189,0.018803594,0,0.018803594,0,0,0.037607189,0.056410783,0.056410783,0.018803594,0.225643134,0.129737088,0.118119133,0
0.053876199,0,0.053876199,0.053876199,0.035917466,0.035917466,0,0.071834932,0.035917466,0,0.035917466,0.089793665,0.053876199,0.107752398,0.053876199,0.035917466,0.169358174,0.112292507,0
0,0.039296059,0.039296059,0,0.039296059,0.157184237,0,0.176832267,0.01964803,0.039296059,0.01964803,0.01964803,0.01964803,0.137536208,0.039296059,0.039296059,0.125808903,0.088269911,0
0,0.034358686,0.085896714,0.017179343,0.068717371,0.034358686,0,0.085896714,0.034358686,0.051538028,0.051538028,0.051538028,0.017179343,0.068717371,0.051538028,0.034358686,0.177724002,0.135102285,0
0,0.032781542,0.065563084,0.032781542,0.049172313,0.016390771,0,0.081953855,0.016390771,0.065563084,0.065563084,0.049172313,0.049172313,0.032781542,0.065563084,0.032781542,0.205105704,0.139263453,0
0.033628773,0.016814387,0.016814387,0.05044316,0.033628773,0.067257546,0.033628773,0.05044316,0.033628773,0.033628773,0.033628773,0.067257546,0.016814387,0.067257546,0.100886319,0.016814387,0.216341356,0.111083183,0
0.04645045,0.015483483,0.030966967,0.030966967,0.030966967,0.077417417,0.015483483,0,0.04645045,0.030966967,0.123867868,0.061933934,0.015483483,0,0.092900901,0,0.218698169,0.161962493,0
0.181888161,0.054566448,0.036377632,0.109132896,0.072755264,0,0,0,0.018188816,0.018188816,0.036377632,0,0.127321712,0,0,0.072755264,0.173326638,0.099120719,0
0.034740483,0.017370241,0.052110724,0.017370241,0.017370241,0.12159169,0.069480966,0.034740483,0.069480966,0.017370241,0.069480966,0.034740483,0,0.069480966,0,0.069480966,0.137355229,0.167835113,0
0.077563959,0.046538376,0.046538376,0.015512792,0,0.015512792,0.015512792,0.062051168,0.062051168,0.031025584,0.046538376,0.046538376,0.046538376,0,0.077563959,0.031025584,0.190310971,0.189177354,0
0,0,0.030143622,0,0.015071811,0.045215433,0.105502677,0.045215433,0.015071811,0.1356463,0.1356463,0.015071811,0,0.030143622,0.030143622,0,0.2002527,0.196874858,0
0,0.017520891,0,0.017520891,0.035041781,0.017520891,0.017520891,0.122646234,0,0.052562672,0.017520891,0.052562672,0,0.122646234,0.070083562,0.157688015,0.158335704,0.140828676,0
0.051476994,0.102953987,0.017158998,0.068635992,0.154430981,0.051476994,0,0.034317996,0,0,0,0.034317996,0.034317996,0.102953987,0.017158998,0.017158998,0.193679769,0.119960315,0
0.091471184,0.036588474,0.109765421,0.018294237,0.073176948,0,0,0.018294237,0.036588474,0.036588474,0.036588474,0.054882711,0.054882711,0.018294237,0.036588474,0.109765421,0.168420779,0.099809746,0
0.050883167,0.033922111,0.033922111,0.050883167,0.033922111,0.016961056,0.016961056,0.050883167,0.050883167,0.016961056,0.033922111,0.067844223,0.033922111,0.033922111,0.101766334,0.050883167,0.173674774,0.147882998,0
0,0.015806627,0.047419881,0,0.015806627,0.11064639,0.063226508,0.047419881,0.047419881,0.094839763,0.047419881,0.047419881,0,0.015806627,0.079033135,0,0.204521259,0.163213657,0
0.157245057,0.019655632,0.019655632,0.137589425,0.019655632,0,0,0.019655632,0.078622529,0,0,0,0.098278161,0.019655632,0.039311264,0.176900689,0.104836993,0.10893772,0
0.016125749,0.032251498,0.048377247,0,0.064502996,0.080628745,0.064502996,0.064502996,0.016125749,0.129005992,0.032251498,0,0,0.048377247,0.016125749,0.032251498,0.174027761,0.180942277,0
0.037746675,0.056620012,0.037746675,0.056620012,0.056620012,0.094366687,0,0.113240024,0.018873337,0.018873337,0,0.018873337,0.056620012,0.094366687,0.018873337,0.07549335,0.146653671,0.098412833,0
0.127985059,0.01828358,0.05485074,0.073134319,0.073134319,0.03656716,0,0.01828358,0.01828358,0.01828358,0,0.073134319,0.073134319,0.05485074,0.03656716,0.05485074,0.178025389,0.090631417,0
0,0.085571176,0,0.051342706,0.051342706,0.085571176,0.03422847,0.102685411,0.051342706,0.017114235,0,0,0.03422847,0.085571176,0.03422847,0.051342706,0.164280685,0.151149908,0
0.019288817,0.057866452,0.038577635,0.019288817,0.057866452,0.07715527,0,0.115732905,0.038577635,0,0.019288817,0.038577635,0.019288817,0.135021722,0.019288817,0.115732905,0.145335799,0.083111504,0
0.034257258,0.068514516,0.034257258,0.068514516,0.085643145,0,0,0.068514516,0.034257258,0.051385887,0.034257258,0,0.034257258,0.034257258,0.051385887,0.085643145,0.181685431,0.133169411,0
0.100310707,0.040124283,0.020062141,0.060186424,0.080248566,0.040124283,0,0.120372849,0.060186424,0.040124283,0,0,0,0.100310707,0.080248566,0.060186424,0.098845193,0.098669149,0
0.087572915,0,0.105087498,0.035029166,0.070058332,0,0,0,0.070058332,0.017514583,0.070058332,0.070058332,0.017514583,0.052543749,0.052543749,0.052543749,0.157652354,0.141764325,0
0.050891573,0.033927715,0.033927715,0.033927715,0.067855431,0.050891573,0.016963858,0.084819289,0,0.016963858,0.033927715,0.050891573,0.050891573,0.101783146,0.016963858,0.033927715,0.186413875,0.135031816,0
0.093422394,0.018684479,0.056053436,0.056053436,0,0.037368958,0.037368958,0.093422394,0.112106873,0.037368958,0.018684479,0.018684479,0.037368958,0.056053436,0.074737915,0,0.13570513,0.116915717,0
0.069150848,0.051863136,0.034575424,0.08643856,0.069150848,0.017287712,0.017287712,0.034575424,0.034575424,0.017287712,0,0.034575424,0.069150848,0.051863136,0.034575424,0.069150848,0.196070891,0.112420627,0
0.015069037,0.060276149,0.030138075,0.015069037,0.075345186,0.060276149,0.015069037,0.030138075,0.030138075,0.045207112,0.030138075,0.060276149,0.015069037,0.015069037,0.090414224,0.015069037,0.2193973,0.177841209,0
0.017438847,0,0.069755389,0.017438847,0.017438847,0.052316542,0.052316542,0.087194236,0.052316542,0.122071931,0.069755389,0.017438847,0.017438847,0.034877695,0.069755389,0,0.190097163,0.112348947,0
0,0.018454021,0.018454021,0.110724125,0.073816083,0.055362062,0,0.055362062,0.018454021,0.036908042,0.018454021,0.036908042,0.055362062,0.073816083,0.073816083,0.092270104,0.157496834,0.104342336,0
0.01806964,0.054208921,0.054208921,0.054208921,0.108417843,0.072278562,0,0.054208921,0.054208921,0.072278562,0.01806964,0.01806964,0,0.01806964,0.108417843,0.01806964,0.170263272,0.106951111,0
0,0.017729761,0.017729761,0.035459523,0.053189284,0.177297613,0.053189284,0.053189284,0.017729761,0.070919045,0.017729761,0.035459523,0,0.088648807,0.035459523,0.035459523,0.163481447,0.127328101,0
0.038192846,0.038192846,0.019096423,0.057289268,0.076385691,0.057289268,0,0.019096423,0.057289268,0,0.038192846,0.019096423,0,0.057289268,0.057289268,0.229157074,0.106871612,0.129271475,0
0,0.058962064,0.019654021,0.039308043,0.098270107,0.098270107,0,0.13757815,0,0.019654021,0,0.019654021,0.019654021,0.157232172,0.019654021,0.098270107,0.123196295,0.090642847,0
0.029675344,0,0.044513015,0.014837672,0.029675344,0.044513015,0.074188359,0,0.029675344,0.029675344,0.089026031,0.074188359,0.014837672,0.074188359,0,0.044513015,0.191953438,0.214539692,0
0.032518844,0.032518844,0.048778266,0.016259422,0.048778266,0.048778266,0.048778266,0.048778266,0.016259422,0.081297111,0.081297111,0.016259422,0.016259422,0.032518844,0.032518844,0.048778266,0.179223816,0.1703993,0
0.016206492,0.032412983,0.016206492,0.048619475,0.048619475,0,0.048619475,0.032412983,0.048619475,0.048619475,0.016206492,0.064825967,0,0.048619475,0.081032458,0.09723895,0.225313493,0.126426841,0
0.034389584,0.017194792,0.034389584,0.103168752,0.068779168,0,0,0.017194792,0.034389584,0.017194792,0.017194792,0.051584376,0.068779168,0.051584376,0.068779168,0.103168752,0.169848656,0.142359665,0
0,0.040713201,0,0.061069802,0.101783003,0.244279207,0,0.101783003,0,0,0,0.020356601,0,0.162852804,0.040713201,0.040713201,0.104777563,0.080958415,0
0.070262603,0.070262603,0.087828253,0.017565651,0.087828253,0.052696952,0.017565651,0.052696952,0.035131301,0.052696952,0,0.035131301,0.035131301,0.052696952,0.017565651,0.017565651,0.167703276,0.129670697,0
0.061447321,0,0.122894643,0.040964881,0.102412202,0.143377083,0,0.061447321,0.02048244,0.102412202,0,0.02048244,0.040964881,0.061447321,0.040964881,0,0.117651716,0.063050665,0
0.07228647,0,0.054214852,0.036143235,0.018071617,0.018071617,0,0.054214852,0.054214852,0.054214852,0.07228647,0.054214852,0.018071617,0.018071617,0.108429705,0.090358087,0.143291338,0.133843963,0
0.038914035,0.019457017,0,0.058371052,0.019457017,0.019457017,0,0.019457017,0.019457017,0,0,0.077828069,0.019457017,0.019457017,0.097285086,0.369683328,0.111280818,0.110438491,0
0.083360236,0,0.050016142,0.033344095,0.016672047,0,0,0.016672047,0.033344095,0,0.050016142,0.100032284,0.033344095,0.016672047,0.100032284,0.133376378,0.162939765,0.170178343,0
0.018833848,0.056501544,0.056501544,0.037667696,0.075335392,0.131836935,0,0.056501544,0.056501544,0.018833848,0.018833848,0.018833848,0.018833848,0.056501544,0.018833848,0.113003087,0.125346984,0.1212991,0
0.016068569,0.032137139,0.064274277,0.016068569,0.032137139,0.064274277,0.032137139,0.032137139,0.080342847,0.016068569,0.080342847,0.048205708,0,0.048205708,0.048205708,0.032137139,0.171551672,0.185705555,0
0.014508566,0.029017131,0.043525697,0.014508566,0.029017131,0.029017131,0.043525697,0.043525697,0,0.058034262,0.043525697,0.072542828,0.043525697,0.029017131,0.058034262,0.029017131,0.216034512,0.203622868,0
0.089670793,0.017934159,0.035868317,0.071736634,0.035868317,0.017934159,0,0.017934159,0.053802476,0.035868317,0.071736634,0.035868317,0.017934159,0.017934159,0.089670793,0.107604951,0.139432564,0.143201094,0
0.03020862,0.075521551,0.045312931,0,0.075521551,0.03020862,0.03020862,0.045312931,0.060417241,0.03020862,0.075521551,0.03020862,0,0.03020862,0.045312931,0,0.208970262,0.18685733,0
0,0,0.08008543,0.016017086,0.016017086,0.032034172,0.016017086,0.032034172,0.064068344,0.064068344,0.192205031,0.032034172,0,0.016017086,0.064068344,0.016017086,0.160787312,0.198529251,0
0.098005964,0.039202385,0.039202385,0.078404771,0.058803578,0.019601193,0,0.039202385,0.078404771,0.019601193,0,0.019601193,0.019601193,0.039202385,0.078404771,0.156809542,0.126395628,0.089556663,0
0.05991579,0,0.07988772,0.01997193,0.01997193,0.11983158,0,0.09985965,0.05991579,0.05991579,0.01997193,0.01997193,0.03994386,0.05991579,0.05991579,0.07988772,0.093634451,0.107488349,0
0.045935262,0.107182277,0.030623508,0,0.076558769,0.076558769,0.030623508,0.045935262,0.045935262,0.015311754,0.015311754,0.030623508,0.015311754,0.030623508,0.030623508,0.015311754,0.210244475,0.177285369,0
0.039098688,0.019549344,0,0.078197376,0.058648032,0.117296063,0,0.09774672,0,0.078197376,0,0.019549344,0.039098688,0.039098688,0.09774672,0.09774672,0.139125863,0.07890038,0
0.034245295,0.051367942,0.068490589,0.017122647,0.034245295,0.034245295,0,0.034245295,0.085613236,0.017122647,0.171226473,0.034245295,0.017122647,0,0.068490589,0.017122647,0.165844869,0.14924924,0
0.039805276,0.019902638,0.059707915,0.059707915,0.059707915,0.019902638,0,0.099513191,0.079610553,0.079610553,0.019902638,0,0,0.059707915,0.099513191,0.099513191,0.105089553,0.098804919,0
0.055040906,0.036693937,0.055040906,0.036693937,0.055040906,0.036693937,0.018346969,0.073387875,0.055040906,0.073387875,0.018346969,0.036693937,0.036693937,0.036693937,0.073387875,0.036693937,0.166112701,0.100008554,0
0.031562944,0,0.07890736,0,0.015781472,0.047344416,0.063125888,0.031562944,0.047344416,0.07890736,0.07890736,0.031562944,0.015781472,0.031562944,0.031562944,0.047344416,0.193177519,0.175563602,0
0.065226147,0.016306537,0.04891961,0.081532684,0.04891961,0,0.016306537,0.032613074,0.032613074,0.032613074,0.065226147,0.032613074,0.065226147,0.04891961,0.032613074,0.032613074,0.196072976,0.151665554,0
0.074746658,0.037373329,0,0.112119986,0.037373329,0.018686664,0.018686664,0.056059993,0.074746658,0,0.018686664,0.018686664,0.037373329,0.074746658,0.074746658,0.093433322,0.132194255,0.120339168,0
0,0,0.035255997,0.123395991,0.105767992,0,0.017627999,0.017627999,0.052883996,0.035255997,0.017627999,0.052883996,0.017627999,0.088139994,0.088139994,0.052883996,0.161676908,0.133203143,0
0.035945979,0.035945979,0.071891957,0.017972989,0.071891957,0.053918968,0.017972989,0.053918968,0.035945979,0.017972989,0.053918968,0.035945979,0.017972989,0.071891957,0.017972989,0.107837936,0.135821972,0.145258456,0
0,0.016271396,0.016271396,0.016271396,0.016271396,0.162713958,0.065085583,0.032542792,0.016271396,0.048814187,0.048814187,0.065085583,0,0.065085583,0.048814187,0.032542792,0.182512616,0.166631553,0
0.11236624,0.018727707,0.018727707,0.131093947,0.037455413,0,0,0,0.037455413,0,0.093638533,0,0.093638533,0.018727707,0.018727707,0.16854936,0.105680545,0.145211188,0
0.053952351,0.035968234,0.071936469,0.035968234,0.071936469,0.071936469,0.035968234,0.035968234,0.053952351,0.089920586,0.017984117,0.017984117,0,0.017984117,0.071936469,0.035968234,0.165695556,0.114939758,0
0,0.067120522,0.033560261,0.050340392,0.083900653,0.134241044,0.033560261,0.016780131,0.067120522,0.033560261,0.033560261,0.016780131,0,0.016780131,0.050340392,0.033560261,0.153568355,0.175226424,0
0.124049701,0.035442772,0.017721386,0.053164158,0.017721386,0.017721386,0,0.070885543,0,0,0.017721386,0.053164158,0.106328315,0.035442772,0.035442772,0.124049701,0.170789447,0.120355118,0
0,0,0.014928499,0.029856998,0,0,0.059713996,0.059713996,0.014928499,0.044785497,0.119427993,0.074642495,0.029856998,0.059713996,0.059713996,0.029856998,0.230472408,0.172387629,0
0.038779923,0.038779923,0.019389962,0.096949808,0.058169885,0.077559847,0,0.096949808,0.038779923,0.038779923,0,0,0.077559847,0.058169885,0.058169885,0.077559847,0.131292214,0.09310932,0
0.016514488,0.016514488,0.049543464,0.049543464,0.066057953,0,0,0.033028976,0.016514488,0.016514488,0.066057953,0.082572441,0.033028976,0.066057953,0.066057953,0.082572441,0.213836876,0.125583599,0
0.016445049,0.065780197,0.032890099,0.049335148,0.098670296,0.065780197,0,0.065780197,0.016445049,0.032890099,0.016445049,0.049335148,0.032890099,0.049335148,0.065780197,0,0.185374836,0.156823192,0
0.018824398,0.018824398,0.037648797,0.018824398,0.037648797,0.112946391,0,0.131770789,0.018824398,0.037648797,0.037648797,0.037648797,0.018824398,0.112946391,0.056473195,0.056473195,0.126870702,0.120153361,0
0,0.033637149,0.016818575,0,0.016818575,0.168185745,0.067274298,0.100911447,0.033637149,0.100911447,0.033637149,0,0,0.067274298,0.033637149,0,0.156934119,0.170322899,0
0.031359969,0.015679984,0.031359969,0.062719938,0.031359969,0.047039953,0.015679984,0.031359969,0,0.031359969,0.047039953,0.062719938,0.078399922,0.031359969,0.047039953,0.062719938,0.187203536,0.185597085,0
0.122634164,0.035038333,0.052557499,0.017519166,0.070076665,0.035038333,0,0.052557499,0.035038333,0.035038333,0.035038333,0.035038333,0.017519166,0.052557499,0.052557499,0.052557499,0.161320302,0.137913044,0
0.052754112,0.017584704,0,0.052754112,0.017584704,0.017584704,0,0.08792352,0.035169408,0.017584704,0.017584704,0.070338816,0.035169408,0.052754112,0.123092928,0.105508224,0.175149062,0.121462779,0
0.054921128,0,0.091535214,0.073228171,0.036614086,0,0,0.018307043,0.091535214,0,0.036614086,0.073228171,0.036614086,0.054921128,0.054921128,0.109842257,0.123629337,0.144088952,0
0.054930573,0,0.054930573,0.036620382,0.054930573,0.109861146,0,0.091550955,0,0.054930573,0.073240764,0.036620382,0.036620382,0.073240764,0.036620382,0.018310191,0.122929177,0.144663182,0
0.017733119,0.053199356,0.017733119,0.035466238,0.106398713,0.106398713,0.017733119,0.053199356,0,0.053199356,0.070932475,0.017733119,0,0.070932475,0.035466238,0.053199356,0.150139723,0.140535526,0
0,0.047890227,0.015963409,0,0.047890227,0.047890227,0,0.111743864,0.015963409,0.095780455,0.079817046,0.031926818,0,0.015963409,0.111743864,0.015963409,0.187849335,0.173614299,0
0.03366957,0.03366957,0.06733914,0.050504355,0.050504355,0,0.03366957,0.03366957,0.050504355,0.06733914,0,0.050504355,0.050504355,0.016834785,0.06733914,0.06733914,0.197181219,0.129427378,0
0.098456146,0.019691229,0.177221062,0.039382458,0.059073687,0.019691229,0.019691229,0.019691229,0.177221062,0.019691229,0.019691229,0.019691229,0.019691229,0.059073687,0.019691229,0,0.104660902,0.107689933,0
0.312811878,0.039101485,0.058652227,0.019550742,0.058652227,0.019550742,0.039101485,0.039101485,0.07820297,0.039101485,0.019550742,0,0,0.058652227,0,0,0.122405093,0.095565212,0
0.030016316,0.045024474,0.030016316,0.030016316,0.015008158,0.075040791,0.045024474,0.015008158,0.045024474,0.045024474,0.090048949,0.045024474,0.030016316,0,0.060032633,0,0.219157207,0.180516467,0
0.034525394,0,0.017262697,0.069050789,0.034525394,0.034525394,0,0.034525394,0.051788092,0.034525394,0.069050789,0.069050789,0.017262697,0.034525394,0.138101578,0.051788092,0.162553214,0.146938897,0
0.081613399,0,0.065290719,0.065290719,0.01632268,0.01632268,0.01632268,0.01632268,0.097936079,0.01632268,0.081613399,0.04896804,0.01632268,0.03264536,0.081613399,0,0.17131318,0.175779627,0
0.23021431,0.070835172,0.017708793,0.053126379,0.017708793,0,0.017708793,0.053126379,0.070835172,0.035417586,0.017708793,0,0.035417586,0,0.070835172,0.017708793,0.145790363,0.145857915,0
0.015054177,0,0.060216706,0,0.030108353,0.060216706,0.090325059,0.015054177,0.04516253,0.090325059,0.060216706,0.04516253,0,0.030108353,0.030108353,0.030108353,0.207158284,0.190674655,0
0.098247143,0.039298857,0,0.117896571,0.019649429,0.039298857,0,0.039298857,0.039298857,0,0,0,0.098247143,0.039298857,0.039298857,0.216143714,0.133032879,0.08098998,0
0.017083362,0.017083362,0.068333448,0.034166724,0.034166724,0.08541681,0.034166724,0.034166724,0.051250086,0.068333448,0.068333448,0.034166724,0.034166724,0.034166724,0.051250086,0.017083362,0.1874146,0.129250919,0
0.051557643,0.034371762,0.034371762,0.051557643,0.051557643,0.085929406,0.051557643,0.051557643,0.051557643,0.017185881,0.034371762,0.017185881,0.017185881,0.085929406,0.017185881,0.034371762,0.150365179,0.162199577,0
0.02001872,0.02001872,0.02001872,0.060056161,0.040037441,0.100093602,0,0.100093602,0.040037441,0.040037441,0.02001872,0.02001872,0.02001872,0.080074882,0.080074882,0.140131043,0.113930131,0.085321051,0
0.063397884,0,0.079247355,0.015849471,0.015849471,0.015849471,0.063397884,0.031698942,0.063397884,0.031698942,0.110946298,0.047548413,0.015849471,0.063397884,0.015849471,0,0.15772211,0.208299046,0
0,0.03780948,0.03780948,0.01890474,0.03780948,0.03780948,0,0.13233318,0,0.05671422,0.03780948,0,0.05671422,0.07561896,0.01890474,0.20795214,0.139897015,0.103913386,0
0.01928367,0,0.038567339,0,0.057851009,0.154269357,0,0.115702018,0,0.057851009,0.057851009,0.01928367,0,0.115702018,0.038567339,0.096418348,0.113179912,0.115473303,0
0.034565252,0.051847878,0.051847878,0.034565252,0.051847878,0.051847878,0.034565252,0.069130503,0.051847878,0.086413129,0.017282626,0.017282626,0.034565252,0.017282626,0.069130503,0.017282626,0.204179468,0.104515497,0
0.017626824,0.017626824,0.052880471,0.052880471,0.035253647,0.035253647,0,0.017626824,0.052880471,0,0.070507294,0.070507294,0.035253647,0.052880471,0.070507294,0.123387765,0.164627029,0.130300031,0
0.015502411,0,0.046507234,0.015502411,0,0.046507234,0.015502411,0.062009646,0.031004823,0.031004823,0.139521703,0.062009646,0.031004823,0.031004823,0.077512057,0.015502411,0.190356335,0.189547209,0
0.017559365,0.035118731,0,0.070237461,0.017559365,0.035118731,0,0.070237461,0.035118731,0,0.017559365,0.087796826,0.052678096,0.070237461,0.105356192,0.087796826,0.177747602,0.119877787,0
0.053345631,0.071127508,0.017781877,0.017781877,0.071127508,0.088909385,0.017781877,0.088909385,0.035563754,0.071127508,0.035563754,0,0.017781877,0.017781877,0.071127508,0.035563754,0.149029182,0.139695736,0
0.017468997,0.052406991,0.069875988,0.017468997,0.052406991,0.069875988,0,0.087344985,0.034937994,0.052406991,0.034937994,0.017468997,0.052406991,0.034937994,0.052406991,0.052406991,0.163570954,0.137669166,0
0.017882027,0.017882027,0.089410137,0.053646082,0.035764055,0.071528109,0,0.053646082,0.053646082,0.017882027,0.035764055,0.053646082,0.071528109,0.053646082,0.035764055,0.053646082,0.152610677,0.13210823,0
0,0,0.016860837,0,0.016860837,0.101165022,0.050582511,0.067443348,0,0.101165022,0.134886696,0.033721674,0,0.050582511,0.050582511,0.050582511,0.189375906,0.136190615,0
0.093571429,0.074857143,0.093571429,0.037428572,0.093571429,0.037428572,0,0.037428572,0.074857143,0.018714286,0.018714286,0.018714286,0.037428572,0.037428572,0.018714286,0.056142857,0.153020237,0.098408333,0
0.068062921,0.03403146,0.01701573,0.051047191,0.051047191,0.068062921,0,0.068062921,0,0.051047191,0.01701573,0.051047191,0.051047191,0.01701573,0.085078651,0.051047191,0.188080014,0.131290777,0
0,0,0,0.073498193,0.073498193,0.128621838,0.036749097,0.091872741,0,0.073498193,0.036749097,0.018374548,0,0.128621838,0.055123645,0.018374548,0.150229317,0.114788753,0
0,0.017191601,0.085958007,0.034383203,0.068766405,0.017191601,0,0.051574804,0,0.017191601,0.068766405,0.068766405,0.068766405,0.085958007,0.017191601,0.085958007,0.151312849,0.161023098,0
0.134059962,0.019151423,0.076605693,0.05745427,0.019151423,0.019151423,0,0.076605693,0.05745427,0.038302846,0,0.019151423,0.05745427,0.038302846,0.05745427,0.095757116,0.123171543,0.110771529,0
0.072685546,0.054514159,0.054514159,0.054514159,0.090856932,0.036342773,0,0.036342773,0.036342773,0.036342773,0,0.036342773,0.054514159,0.036342773,0.054514159,0.072685546,0.165477498,0.107667043,0
0.038668573,0.077337146,0.058002859,0.019334286,0.116005719,0.038668573,0,0.135340005,0,0.058002859,0,0,0.038668573,0.116005719,0,0.077337146,0.15042184,0.076206701,0
0.074897021,0.018724255,0.093621277,0.056172766,0.018724255,0.037448511,0.018724255,0.018724255,0.093621277,0,0.018724255,0.056172766,0.037448511,0.037448511,0.056172766,0.112345532,0.104028074,0.147001714,0
0,0.033294598,0.033294598,0,0.049941897,0.083236494,0.033294598,0.099883793,0,0.099883793,0.033294598,0.049941897,0,0.066589195,0.083236494,0,0.184688463,0.149419583,0
0,0.015281498,0.015281498,0.015281498,0.030562996,0.045844494,0.106970487,0.045844494,0.015281498,0.152814981,0.030562996,0.015281498,0,0.015281498,0.061125992,0.045844494,0.271440705,0.117299372,0
0,0.038969832,0.038969832,0.019484916,0.038969832,0.214334076,0,0.116909496,0.038969832,0.077939664,0.038969832,0,0,0.058454748,0.077939664,0.019484916,0.12873629,0.091867072,0
0.084697698,0.033879079,0.050818619,0.033879079,0.050818619,0.01693954,0,0.033879079,0.067758158,0.01693954,0.050818619,0.050818619,0.01693954,0.01693954,0.084697698,0.067758158,0.161060881,0.161357539,0
0.136833678,0.019547668,0.058643005,0.097738342,0.058643005,0,0,0.058643005,0.058643005,0.039095337,0,0.019547668,0.058643005,0.058643005,0.058643005,0.058643005,0.133153504,0.084939763,0
0.134794468,0,0.057769058,0.07702541,0.038512705,0.038512705,0,0,0.057769058,0.038512705,0.019256353,0.038512705,0.057769058,0,0.057769058,0.15405082,0.119927428,0.109818472,0
0.033805692,0.033805692,0.067611384,0.016902846,0.101417075,0,0,0.067611384,0.016902846,0.101417075,0.08451423,0.016902846,0,0.033805692,0.08451423,0.016902846,0.175919229,0.147966935,0
0.141781542,0.053168078,0.035445386,0.088613464,0.070890771,0.017722693,0,0.035445386,0.053168078,0,0.053168078,0.017722693,0.053168078,0.053168078,0.035445386,0,0.151647811,0.139444479,0
0.037306181,0.093265452,0.111918542,0.01865309,0.130571633,0.055959271,0,0.074612362,0.055959271,0.055959271,0,0,0.01865309,0.074612362,0,0.01865309,0.139977669,0.113898715,0
0.082702413,0,0.06616193,0.049621448,0.016540483,0,0,0,0.049621448,0,0.082702413,0.082702413,0.06616193,0.016540483,0.049621448,0.099242895,0.177660051,0.160720648,0
0.020317734,0.020317734,0.060953202,0.040635468,0.081270936,0.020317734,0,0.020317734,0.040635468,0.040635468,0,0.040635468,0.020317734,0.040635468,0.040635468,0.325083744,0.102175696,0.085114944,0
0,0.018876304,0.037752609,0.113257826,0.075505217,0,0,0.075505217,0.018876304,0,0,0.037752609,0.056628913,0.13213413,0.037752609,0.151010434,0.128613264,0.116334564,0
0.12212378,0.020353963,0.081415853,0.101769817,0.040707927,0.081415853,0,0.020353963,0.12212378,0.020353963,0,0.020353963,0.020353963,0.040707927,0.081415853,0.040707927,0.102896121,0.082945346,0
0.119307023,0,0.068175442,0.01704386,0.01704386,0,0,0.034087721,0.051131581,0.034087721,0.119307023,0.068175442,0.034087721,0.01704386,0.068175442,0.034087721,0.159332082,0.158913501,0
0.049461935,0.016487312,0.016487312,0.032974623,0.016487312,0.032974623,0.049461935,0.032974623,0.049461935,0.065949246,0.049461935,0.065949246,0.016487312,0.016487312,0.098923869,0.049461935,0.216143877,0.124363661,0
0,0,0.030534684,0.030534684,0.030534684,0.030534684,0.015267342,0.045802026,0.015267342,0.045802026,0.07633671,0.07633671,0.015267342,0.030534684,0.106871394,0.061069368,0.217935748,0.171370571,0
0.029891671,0.044837506,0.014945835,0.029891671,0.014945835,0.074729177,0.089675012,0.029891671,0.044837506,0.044837506,0.014945835,0.029891671,0.029891671,0.044837506,0.014945835,0.044837506,0.220234626,0.181931957,0
0.076121676,0.019030419,0.019030419,0.076121676,0.019030419,0,0.019030419,0.076121676,0.076121676,0.038060838,0,0.019030419,0.019030419,0.057091257,0.076121676,0.171273772,0.11069985,0.128083385,0
0.054415638,0.054415638,0.09069273,0.054415638,0.072554184,0,0,0.036277092,0.09069273,0.054415638,0.036277092,0.018138546,0.036277092,0.018138546,0.072554184,0.036277092,0.167756204,0.106701954,0
0.079319816,0.063455852,0.031727926,0.031727926,0.031727926,0,0,0.031727926,0.031727926,0.015863963,0.047591889,0.047591889,0.063455852,0,0.063455852,0.095183779,0.188702858,0.176738618,0
0.094762252,0.037904901,0.113714703,0,0.037904901,0.01895245,0.01895245,0.056857351,0.094762252,0.01895245,0,0.037904901,0.01895245,0.056857351,0.037904901,0.113714703,0.146292653,0.095609327,0
0.019964939,0,0.019964939,0.019964939,0,0,0.019964939,0.039929879,0,0.019964939,0.019964939,0.059894818,0.039929879,0.019964939,0.039929879,0.479158546,0.11867549,0.082726933,0
0.053123113,0.035415409,0.017707704,0.053123113,0.053123113,0,0,0.053123113,0.035415409,0.017707704,0,0.070830818,0.035415409,0.035415409,0.106246227,0.141661636,0.180243863,0.111447958,0
0.015691137,0.062764548,0.078455686,0,0.078455686,0.078455686,0.015691137,0.015691137,0.078455686,0.047073411,0.10983796,0.015691137,0,0,0.031382274,0,0.193820386,0.17853413,0
0.07252769,0.054395768,0.036263845,0.054395768,0.036263845,0.054395768,0,0.090659613,0.054395768,0.018131923,0.018131923,0.018131923,0.054395768,0.054395768,0.054395768,0.054395768,0.145786283,0.128936817,0
0.101572393,0.084643661,0.067714929,0,0.118501126,0.033857464,0,0.033857464,0.033857464,0.050786197,0.033857464,0.033857464,0,0.033857464,0.033857464,0.016928732,0.168868922,0.153981788,0
0.030599722,0.015299861,0.045899583,0.015299861,0.030599722,0.061199444,0.045899583,0.030599722,0.015299861,0.061199444,0.045899583,0.076499305,0.015299861,0.030599722,0.076499305,0.015299861,0.246825007,0.141180554,0
0.073736036,0.036868018,0.036868018,0.036868018,0.018434009,0,0,0.073736036,0.036868018,0.036868018,0.018434009,0.055302027,0.055302027,0.018434009,0.073736036,0.16590608,0.153067313,0.109572331,0
0.016935293,0.016935293,0.050805879,0.033870586,0.067741172,0,0,0.067741172,0.050805879,0.101611758,0.084676465,0.033870586,0,0.016935293,0.118547051,0.016935293,0.186638479,0.135949802,0
0.052914421,0.035276281,0.052914421,0.070552561,0.01763814,0,0,0.035276281,0.105828842,0,0.105828842,0.01763814,0.052914421,0,0.070552561,0.088190702,0.134393086,0.160081301,0
0,0.033989017,0.033989017,0,0.016994508,0.10196705,0.050983525,0.10196705,0.033989017,0.10196705,0.033989017,0.016994508,0.016994508,0.033989017,0.067978033,0.033989017,0.163226544,0.156993122,0
0,0.040614353,0.040614353,0,0.040614353,0.020307176,0.020307176,0.182764588,0.040614353,0,0,0.040614353,0,0.203071764,0.020307176,0.162457411,0.118387662,0.06932528,0
0,0.016893561,0,0.016893561,0.033787123,0.033787123,0,0.050680684,0.016893561,0.050680684,0.033787123,0.084467807,0,0.016893561,0.152042053,0.168935614,0.189674453,0.13458309,0
0,0,0.017019532,0.017019532,0.017019532,0.102117194,0.068078129,0.102117194,0.017019532,0.085097661,0.034039065,0.051058597,0,0.085097661,0.085097661,0,0.209314587,0.109904122,0
0.016224025,0.016224025,0.081120125,0.03244805,0.03244805,0.016224025,0.016224025,0.03244805,0.081120125,0.016224025,0.048672075,0.0648961,0.03244805,0.03244805,0.0648961,0.0648961,0.173178986,0.177860015,0
0.099193594,0,0.059516156,0.119032312,0.039677437,0.039677437,0,0.039677437,0.059516156,0.019838719,0,0.019838719,0.079354875,0.079354875,0.019838719,0.119032312,0.103570371,0.10288088,0
0.067842335,0.033921168,0.118724086,0,0.016960584,0.033921168,0.033921168,0.016960584,0.118724086,0.033921168,0.084802919,0.033921168,0.016960584,0,0.033921168,0.033921168,0.13427829,0.18729836,0
0.056210789,0.037473859,0.112421578,0.037473859,0.037473859,0.01873693,0,0.074947719,0.131158508,0.037473859,0.037473859,0.01873693,0.01873693,0.037473859,0.074947719,0.01873693,0.121958483,0.12856433,0
0.103631199,0,0.034543733,0.0518156,0,0.017271867,0,0.0518156,0.069087466,0.017271867,0.034543733,0.086359333,0.034543733,0.034543733,0.138174932,0.017271867,0.177039466,0.132085872,0
0.065410308,0.081762885,0.065410308,0.016352577,0.081762885,0.049057731,0,0.065410308,0,0.065410308,0.032705154,0.016352577,0.081762885,0.016352577,0.016352577,0,0.185121738,0.160775181,0
0,0.01686212,0.05058636,0.03372424,0.05058636,0.101172721,0,0.05058636,0.03372424,0.06744848,0.134896961,0.03372424,0,0.01686212,0.084310601,0,0.156408011,0.169107185,0
0.06996318,0.052472385,0.03498159,0.03498159,0.06996318,0.052472385,0,0.052472385,0.052472385,0.03498159,0.03498159,0.03498159,0,0.052472385,0.087453975,0.03498159,0.137168958,0.163199243,0
0.033967954,0.016983977,0.050951931,0.050951931,0.033967954,0.033967954,0.016983977,0.050951931,0.067935908,0.050951931,0.033967954,0.050951931,0.033967954,0.016983977,0.101903863,0.033967954,0.194221577,0.12641934,0
0.076580789,0.030632316,0.015316158,0.015316158,0.030632316,0.015316158,0.045948474,0.015316158,0.030632316,0.015316158,0.061264631,0.076580789,0,0.061264631,0.045948474,0.076580789,0.189098115,0.198255571,0
0.04066447,0.020332235,0,0.12199341,0.08132894,0.020332235,0,0.04066447,0.020332235,0,0,0,0.04066447,0.101661175,0.020332235,0.304983524,0.08734895,0.099361652,0
0.015179629,0.060718516,0.045538887,0,0.030359258,0.015179629,0.015179629,0.060718516,0.060718516,0.030359258,0.075898145,0.045538887,0.015179629,0.015179629,0.075898145,0.045538887,0.206247097,0.186567746,0
0.052424951,0.017474984,0.069899935,0.017474984,0,0.017474984,0,0.052424951,0.034949968,0.034949968,0.052424951,0.052424951,0.069899935,0.017474984,0.034949968,0.174749838,0.156468137,0.14453251,0
0.014483725,0.014483725,0.02896745,0,0.014483725,0.072418624,0.043451174,0.02896745,0,0.014483725,0.043451174,0.115869799,0.02896745,0.043451174,0.072418624,0.043451174,0.229097877,0.19155313,0
0.053514432,0.053514432,0.071352576,0.053514432,0.071352576,0.08919072,0.017838144,0.035676288,0.053514432,0.017838144,0.017838144,0.017838144,0.053514432,0.053514432,0.017838144,0.035676288,0.165051636,0.121422603,0
0.034323707,0.102971122,0.051485561,0.068647414,0.137294829,0,0,0.051485561,0.034323707,0.051485561,0.017161854,0,0.051485561,0.034323707,0.034323707,0.017161854,0.215960673,0.097565183,0
0.017216804,0.017216804,0.017216804,0.086084018,0.017216804,0.034433607,0,0.051650411,0.017216804,0.051650411,0.051650411,0.034433607,0.103300821,0,0.086084018,0.103300821,0.171016982,0.140310878,0
0,0.018059717,0.036119434,0.036119434,0.054179151,0.018059717,0,0.108358302,0.018059717,0.054179151,0.054179151,0.036119434,0.018059717,0.072238868,0.090298585,0.108358302,0.148206465,0.129404858,0
0.0669085,0.016727125,0.03345425,0.050181375,0.083635624,0.03345425,0.016727125,0,0.016727125,0.083635624,0.050181375,0.03345425,0.016727125,0,0.083635624,0.083635624,0.190737561,0.140177444,0
0.01704556,0.03409112,0.06818224,0.03409112,0.05113668,0.05113668,0.01704556,0.01704556,0.03409112,0.03409112,0.03409112,0.05113668,0.05113668,0,0.03409112,0.153410039,0.191586062,0.126591542,0
0,0.03498372,0,0,0.01749186,0,0.01749186,0.0874593,0,0.01749186,0,0.0874593,0.03498372,0.05247558,0.0874593,0.262377901,0.186100205,0.114225391,0
0.044339115,0.02955941,0.044339115,0.014779705,0.02955941,0.073898526,0.044339115,0,0.059118821,0,0.088678231,0.059118821,0,0.044339115,0.02955941,0.02955941,0.181950828,0.226860967,1
0.016258092,0.048774275,0.016258092,0.032516184,0.032516184,0.048774275,0.048774275,0.048774275,0.065032367,0.016258092,0.081290459,0.032516184,0,0.081290459,0.048774275,0.032516184,0.181572495,0.168103834,1
0.030047886,0.015023943,0.030047886,0.015023943,0.030047886,0.090143658,0.090143658,0.015023943,0.030047886,0.045071829,0.075119715,0.030047886,0,0.075119715,0,0.030047886,0.172033663,0.227008616,1
0.029840978,0.014920489,0.029840978,0.014920489,0.029840978,0.089522934,0.089522934,0.014920489,0.029840978,0.044761467,0.074602445,0.044761467,0,0.059681956,0,0.029840978,0.175785396,0.227395045,1
0.049883444,0.033255629,0.016627815,0.033255629,0.066511258,0.116394702,0.066511258,0,0.033255629,0.049883444,0.083139073,0.016627815,0,0.049883444,0.016627815,0.033255629,0.171437884,0.163449535,1
0.049811781,0.033207854,0.033207854,0.033207854,0.066415708,0.116227489,0.066415708,0,0.033207854,0.049811781,0.083019635,0.016603927,0,0.033207854,0.016603927,0.033207854,0.171963253,0.163879667,1
0.029828165,0.014914083,0.029828165,0.014914083,0.029828165,0.089484495,0.089484495,0.014914083,0.029828165,0.044742248,0.089484495,0.029828165,0,0.05965633,0,0.029828165,0.170443565,0.232993135,1
0.014784137,0.014784137,0.029568275,0.014784137,0.029568275,0.088704824,0.088704824,0,0.029568275,0.044352412,0.088704824,0.044352412,0,0.059136549,0,0.044352412,0.176127028,0.232507481,1
0.015306273,0,0.030612547,0.015306273,0.015306273,0.091837641,0.091837641,0,0.030612547,0.061225094,0.091837641,0.04591882,0,0.04591882,0.015306273,0.061225094,0.174527035,0.213222028,1
0.032414664,0,0.048621996,0.016207332,0.032414664,0.048621996,0.032414664,0.032414664,0.016207332,0.016207332,0.097243991,0.081036659,0.016207332,0.081036659,0.032414664,0.064829327,0.177002224,0.174704502,1
0.043059915,0.043059915,0.043059915,0,0.02870661,0.071766525,0.043059915,0,0.043059915,0.02870661,0.071766525,0.05741322,0.014353305,0.014353305,0.02870661,0.043059915,0.191609554,0.23425825,1
0.015305487,0.015305487,0,0.030610973,0.030610973,0.076527434,0.076527434,0.030610973,0.015305487,0.04591646,0.04591646,0.061221947,0,0.076527434,0.04591646,0.04591646,0.213008146,0.174772386,1
0.030765213,0.061530426,0.061530426,0,0.061530426,0.076913033,0.04614782,0.015382607,0.04614782,0.030765213,0.061530426,0.04614782,0,0.030765213,0.030765213,0.015382607,0.204776926,0.179918812,1
0,0.045874408,0.030582939,0.015291469,0.015291469,0.061165878,0.091748816,0,0.076457347,0.015291469,0.137623225,0.030582939,0,0.045874408,0.015291469,0.030582939,0.181875522,0.206465702,1
0,0.045874408,0.030582939,0.015291469,0.015291469,0.061165878,0.091748816,0,0.076457347,0.015291469,0.137623225,0.030582939,0,0.045874408,0.015291469,0.030582939,0.181875522,0.206465702,1
0.014838682,0.044516046,0.014838682,0,0.029677364,0.089032093,0.059354729,0.014838682,0.029677364,0.029677364,0.103870775,0.044516046,0,0.044516046,0.029677364,0.044516046,0.18046634,0.225986374,1
0.015903959,0.015903959,0.031807918,0.015903959,0.031807918,0.063615835,0.063615835,0.047711877,0.015903959,0.047711877,0.095423753,0.047711877,0,0.079519794,0.031807918,0.031807918,0.173556722,0.190284924,1
0.015605981,0,0.046817943,0.031211962,0.015605981,0.031211962,0.062423924,0.046817943,0.046817943,0.031211962,0.078029905,0.046817943,0.015605981,0.093635886,0.015605981,0.046817943,0.17784628,0.197914477,1
0.042245225,0.028163483,0.028163483,0.028163483,0.028163483,0.070408708,0.08449045,0,0.014081742,0.042245225,0.070408708,0.042245225,0.028163483,0.042245225,0,0.014081742,0.229154384,0.207575952,1
0.048518311,0.01617277,0.048518311,0.032345541,0.032345541,0.032345541,0.048518311,0.048518311,0.048518311,0.032345541,0.064691082,0.032345541,0.01617277,0.080863852,0.01617277,0.048518311,0.171171732,0.181917451,1
0.031969308,0,0.031969308,0.031969308,0,0.047953962,0.079923271,0.047953962,0.063938617,0.063938617,0.047953962,0.047953962,0,0.063938617,0.047953962,0.031969308,0.159533488,0.201080345,1
0.015615232,0.015615232,0,0.031230463,0.031230463,0.046845695,0.078076159,0.046845695,0.031230463,0.046845695,0.031230463,0.062460927,0,0.09369139,0.062460927,0.031230463,0.222163187,0.153227543,1
0.014199014,0.028398028,0.028398028,0.014199014,0.028398028,0.042597042,0.056796057,0.014199014,0.028398028,0.028398028,0.085194085,0.056796057,0.014199014,0.056796057,0.028398028,0.042597042,0.205312902,0.226726532,1
0.014927671,0.014927671,0.014927671,0.014927671,0.029855342,0.059710685,0.059710685,0.014927671,0.014927671,0.059710685,0.119421369,0.044783014,0,0.044783014,0.044783014,0.044783014,0.183748341,0.219144812,1
0.032252694,0.032252694,0.032252694,0.016126347,0.032252694,0.048379042,0.048379042,0.064505389,0.048379042,0.048379042,0.064505389,0.032252694,0,0.064505389,0.048379042,0.032252694,0.195527494,0.159418618,1
0.036977497,0,0.129421238,0.036977497,0.055466245,0.036977497,0.018488748,0.055466245,0.092443741,0.036977497,0.055466245,0.036977497,0.018488748,0.073954993,0.036977497,0.018488748,0.127563261,0.132886808,1
0.014242171,0.014242171,0.028484343,0.014242171,0.028484343,0.042726514,0.056968686,0.014242171,0.014242171,0.028484343,0.085453029,0.071210857,0.014242171,0.056968686,0.042726514,0.042726514,0.224522757,0.205790383,1
0.029419851,0.044129776,0.058839702,0,0.044129776,0.014709925,0.058839702,0.029419851,0.044129776,0.029419851,0.058839702,0.073549627,0.014709925,0.058839702,0.014709925,0.014709925,0.222426256,0.189176725,1
0.015805465,0.03161093,0.015805465,0.03161093,0.047416395,0.094832791,0.079027325,0,0.03161093,0.079027325,0.094832791,0.015805465,0,0.03161093,0.03161093,0.03161093,0.190656786,0.17712461,1
0.028122203,0.028122203,0.028122203,0.028122203,0.028122203,0.070305508,0.08436661,0,0.014061102,0.042183305,0.08436661,0.042183305,0.028122203,0.042183305,0,0.014061102,0.233511885,0.20404405,1
0.014520392,0.014520392,0.029040784,0.029040784,0.029040784,0.072601959,0.087122351,0,0.029040784,0.043561176,0.087122351,0.043561176,0.014520392,0.043561176,0.014520392,0.029040784,0.217341859,0.201842465,1
0.030257212,0.030257212,0.045385818,0.015128606,0.045385818,0.07564303,0.07564303,0,0.030257212,0.045385818,0.045385818,0.060514424,0,0.045385818,0.015128606,0.045385818,0.182524226,0.212331537,1
0.015408979,0.015408979,0.030817958,0.015408979,0.030817958,0.061635917,0.061635917,0.030817958,0.046226938,0.061635917,0.092453875,0.030817958,0,0.046226938,0.046226938,0.030817958,0.18814087,0.195499963,1
0.015300672,0.030601344,0.015300672,0.015300672,0.015300672,0.076503361,0.076503361,0.045902016,0.030601344,0.045902016,0.061202688,0.045902016,0.015300672,0.061202688,0.030601344,0.030601344,0.218213125,0.169759991,1
0.01543889,0.03087778,0.01543889,0.03087778,0.04631667,0.123511121,0.07719445,0,0.03087778,0.04631667,0.06175556,0.03087778,0,0.06175556,0.01543889,0.03087778,0.160187313,0.222257084,1
0.030008102,0.015004051,0.015004051,0.030008102,0,0.015004051,0.075020254,0.060016203,0.045012152,0.030008102,0.045012152,0.060016203,0.015004051,0.090024305,0.030008102,0.045012152,0.180883066,0.218954903,1
0.05128173,0,0.01709391,0.05128173,0.06837564,0.10256346,0.03418782,0.01709391,0.01709391,0.03418782,0.06837564,0.06837564,0,0.08546955,0.05128173,0.01709391,0.176723197,0.139520403,1
0.016501627,0.016501627,0.082508133,0.016501627,0.016501627,0.033003253,0.033003253,0.04950488,0.066006506,0.033003253,0.04950488,0.04950488,0.016501627,0.04950488,0.04950488,0.082508133,0.180413975,0.159520963,1
0.014996812,0.044990436,0.014996812,0.014996812,0.029993624,0.089980871,0.044990436,0.014996812,0.029993624,0.014996812,0.104977683,0.044990436,0.014996812,0.044990436,0.029993624,0.044990436,0.178370734,0.221756791,1
0.014833698,0.044501095,0.014833698,0.014833698,0.044501095,0.089002191,0.044501095,0.014833698,0.029667397,0.014833698,0.103835889,0.044501095,0.014833698,0.044501095,0.029667397,0.029667397,0.186337991,0.220314071,1
0.073836913,0.073836913,0.029534765,0,0.044302148,0.044302148,0.044302148,0.014767383,0.029534765,0.029534765,0.014767383,0.073836913,0.029534765,0.014767383,0.044302148,0.029534765,0.225244159,0.184060539,1
0,0.016017681,0.032035361,0.032035361,0.048053042,0.096106084,0.096106084,0,0.048053042,0.080088403,0.096106084,0.016017681,0,0.032035361,0.016017681,0.032035361,0.185005444,0.17428733,1
0.014211536,0.014211536,0.028423071,0.014211536,0.028423071,0.042634607,0.056846142,0.014211536,0.014211536,0.028423071,0.085269214,0.071057678,0.028423071,0.056846142,0.028423071,0.042634607,0.227255792,0.204282784,1
0.015291779,0.030583559,0.015291779,0.015291779,0.015291779,0.076458897,0.076458897,0.045875338,0.030583559,0.045875338,0.076458897,0.030583559,0.015291779,0.061167118,0.030583559,0.030583559,0.197147737,0.191181086,1
0.016640125,0.03328025,0.03328025,0.016640125,0.03328025,0.099840751,0.03328025,0.0665605,0.049920375,0.016640125,0.0665605,0.049920375,0,0.083200626,0.049920375,0.016640125,0.165261829,0.169133166,1
0.015457237,0.030914473,0.030914473,0.015457237,0.030914473,0.061828947,0.04637171,0.04637171,0.04637171,0.015457237,0.061828947,0.061828947,0.015457237,0.061828947,0.04637171,0.030914473,0.194930656,0.186779878,1
0,0.01691094,0.084554698,0.033821879,0.033821879,0.050732819,0.033821879,0.033821879,0.084554698,0.050732819,0.033821879,0.067643758,0,0.033821879,0.084554698,0.033821879,0.159403297,0.164159119,1
0.015057106,0.030114213,0.030114213,0.030114213,0.015057106,0.075285532,0.060228425,0.030114213,0.030114213,0.030114213,0.075285532,0.045171319,0.045171319,0.045171319,0.015057106,0.030114213,0.20810446,0.189611287,1
0.01514812,0.030296239,0,0.01514812,0.030296239,0.045444359,0.075740598,0.045444359,0.030296239,0.045444359,0.030296239,0.060592478,0,0.075740598,0.060592478,0.045444359,0.229132166,0.164943051,1
0.016120164,0.048360491,0.032240327,0.032240327,0.064480654,0.112841145,0.048360491,0.016120164,0.016120164,0.032240327,0.064480654,0.048360491,0.016120164,0.064480654,0.016120164,0.016120164,0.209149615,0.146043845,1
0.017668234,0.035336469,0.053004703,0.053004703,0.106009407,0.123677641,0.017668234,0.035336469,0.017668234,0.070672938,0.053004703,0.017668234,0,0.053004703,0.035336469,0.017668234,0.168407721,0.124862901,1
0.01559978,0,0.06239912,0.03119956,0.01559978,0.04679934,0.06239912,0.01559978,0.0779989,0,0.06239912,0.0779989,0,0.0779989,0.03119956,0.04679934,0.168958458,0.207050339,1
0.032676682,0.049015024,0.016338341,0.032676682,0.049015024,0.049015024,0.032676682,0.049015024,0.049015024,0.016338341,0.065353365,0.049015024,0,0.081691706,0.049015024,0.032676682,0.185348678,0.161117672,1
0.031979964,0.063959929,0,0.047969946,0.047969946,0.031979964,0.031979964,0.063959929,0.031979964,0.015989982,0.047969946,0.031979964,0.031979964,0.063959929,0.031979964,0.063959929,0.197253158,0.163147555,1
0.015367721,0.015367721,0,0.030735443,0.030735443,0.046103164,0.076838607,0.046103164,0.015367721,0.061470885,0.030735443,0.061470885,0,0.092206328,0.061470885,0.030735443,0.230039066,0.155252081,1
0.014241265,0.02848253,0.02848253,0.014241265,0.014241265,0.05696506,0.08544759,0.02848253,0.02848253,0.042723795,0.05696506,0.05696506,0.02848253,0.042723795,0.02848253,0.014241265,0.248016122,0.182333277,1
0.041648242,0.041648242,0.013882747,0.027765495,0.027765495,0.069413737,0.083296484,0,0.013882747,0.041648242,0.069413737,0.041648242,0.027765495,0.041648242,0,0.013882747,0.234466326,0.210223777,1
0.033438618,0,0.066877235,0.016719309,0.050157927,0.066877235,0.016719309,0.033438618,0.016719309,0.033438618,0.083596544,0.066877235,0.016719309,0.083596544,0.033438618,0.050157927,0.183791633,0.147436013,1
0.015655554,0.046966662,0.015655554,0.031311108,0.046966662,0.046966662,0.046966662,0.046966662,0.046966662,0.015655554,0.062622216,0.046966662,0.015655554,0.062622216,0.046966662,0.031311108,0.220475481,0.153302357,1
0.031647694,0.031647694,0.015823847,0.031647694,0.04747154,0.094943081,0.079119234,0,0.031647694,0.079119234,0.094943081,0.015823847,0,0.031647694,0.015823847,0.031647694,0.17990099,0.187145138,1
0.031341587,0.015670794,0.015670794,0.047012381,0.031341587,0.078353969,0.094024762,0,0.047012381,0.062683175,0.094024762,0.015670794,0,0.031341587,0.031341587,0.031341587,0.172592938,0.200575314,1
0.016716924,0.016716924,0.016716924,0.050150773,0.050150773,0.11701847,0.050150773,0.016716924,0.033433848,0.033433848,0.066867697,0.050150773,0.016716924,0.066867697,0.050150773,0.016716924,0.185995285,0.145327745,1
0.016944102,0.033888204,0.033888204,0.050832306,0.084720511,0.135552817,0.050832306,0.016944102,0.016944102,0.067776408,0.067776408,0.016944102,0,0.050832306,0.016944102,0.016944102,0.180246927,0.141988989,1
0.054267803,0.018089268,0.090446339,0.036178536,0.054267803,0.036178536,0.018089268,0.054267803,0.072357071,0.018089268,0.090446339,0.036178536,0.018089268,0.072357071,0.036178536,0.018089268,0.12992983,0.146499458,1
0.016174888,0,0.048524664,0.032349776,0.016174888,0.048524664,0.064699552,0.048524664,0.064699552,0.048524664,0.064699552,0.032349776,0.016174888,0.08087444,0.016174888,0.048524664,0.157064011,0.195940466,1
0.031606012,0.047409018,0.031606012,0.047409018,0.063212024,0.015803006,0.047409018,0.031606012,0.047409018,0.015803006,0.063212024,0.047409018,0.015803006,0.07901503,0.031606012,0.015803006,0.197907366,0.169972392,1
0.031438578,0.047157867,0.062877156,0.015719289,0.062877156,0.078596446,0.031438578,0.015719289,0.047157867,0.031438578,0.062877156,0.047157867,0.015719289,0.031438578,0.031438578,0.015719289,0.194433136,0.1767953,1
0.01548283,0.01548283,0.030965659,0.030965659,0.030965659,0.030965659,0.030965659,0.046448489,0.01548283,0.046448489,0.092896977,0.046448489,0.030965659,0.046448489,0.061931318,0.046448489,0.196591085,0.184095733,1
0.015367263,0.015367263,0.030734527,0.030734527,0.015367263,0.030734527,0.076836316,0.04610179,0.04610179,0.04610179,0.061469053,0.030734527,0.015367263,0.076836316,0.030734527,0.04610179,0.178731675,0.206577793,1
0.016637684,0.016637684,0.033275368,0.016637684,0.033275368,0.08318842,0.049913052,0.066550736,0.033275368,0.033275368,0.066550736,0.049913052,0,0.08318842,0.049913052,0.033275368,0.178902584,0.15559006,1
0.015627447,0,0.04688234,0.015627447,0.031254893,0.062509786,0.04688234,0.031254893,0.031254893,0.031254893,0.078137233,0.078137233,0,0.09376468,0.031254893,0.031254893,0.190447805,0.18445433,1
0.100601181,0.067067454,0,0.050300591,0.033533727,0.050300591,0.033533727,0.050300591,0.067067454,0,0.050300591,0.016766864,0,0.050300591,0.050300591,0.050300591,0.132596011,0.196729448,1
0.016885252,0.033770503,0.033770503,0.050655755,0.067541006,0.10131151,0.033770503,0.016885252,0.050655755,0.033770503,0.084426258,0.016885252,0,0.050655755,0.033770503,0.050655755,0.138591114,0.185998822,1
0.039835059,0.039835059,0.039835059,0.039835059,0.059752589,0.079670118,0.01991753,0.099587648,0.059752589,0.039835059,0,0,0,0.119505178,0.039835059,0.119505178,0.097280636,0.10601818,1
0.032002147,0.016001073,0.032002147,0.032002147,0.04800322,0.09600644,0.080005367,0,0.032002147,0.080005367,0.09600644,0.016001073,0,0.032002147,0.016001073,0.032002147,0.1808301,0.179126964,1
0.014810566,0.029621131,0.014810566,0.014810566,0.014810566,0.074052828,0.074052828,0.044431697,0.029621131,0.044431697,0.074052828,0.044431697,0.014810566,0.059242262,0.029621131,0.014810566,0.209838942,0.197738434,1
0,0.015930824,0.079654121,0.015930824,0.047792472,0.031861648,0.047792472,0.031861648,0.031861648,0.095584945,0.063723296,0.047792472,0.031861648,0.015930824,0.063723296,0.015930824,0.24251518,0.120251855,1
0.032347198,0,0.032347198,0.048520797,0.016173599,0.032347198,0.032347198,0.032347198,0.064694396,0.016173599,0.097041593,0.048520797,0,0.080867995,0.064694396,0.048520797,0.173748163,0.179307881,1
0.032572891,0.016286446,0.016286446,0.032572891,0.032572891,0.048859337,0.032572891,0.065145783,0.032572891,0.016286446,0.081432229,0.048859337,0,0.097718674,0.065145783,0.032572891,0.17958834,0.168953831,1
0.015013789,0,0.015013789,0.030027579,0,0.030027579,0.060055158,0.045041368,0.030027579,0.015013789,0.105096526,0.075068947,0.015013789,0.090082736,0.045041368,0.030027579,0.217258618,0.182189806,1
0.030978905,0.030978905,0.015489453,0.030978905,0.030978905,0.108426169,0.061957811,0.015489453,0.030978905,0.015489453,0.077447263,0.061957811,0.015489453,0.061957811,0.015489453,0.015489453,0.188734453,0.191687439,1
0.03340264,0.03340264,0.03340264,0.03340264,0.06680528,0.10020792,0.01670132,0.03340264,0.01670132,0.01670132,0.06680528,0.05010396,0.01670132,0.06680528,0.01670132,0.06680528,0.182863567,0.14908363,1
0.053267653,0.017755884,0.053267653,0.035511769,0.035511769,0.071023537,0.017755884,0.071023537,0.071023537,0.035511769,0.017755884,0.053267653,0,0.088779422,0.071023537,0.017755884,0.138052229,0.151712397,1
0.047066596,0,0.062755461,0.015688865,0.031377731,0.047066596,0.062755461,0.015688865,0.031377731,0.047066596,0.094133192,0.047066596,0,0.062755461,0.015688865,0.047066596,0.178701607,0.19374378,1
0.039333327,0.013111109,0.026222218,0,0,0.013111109,0.065555546,0.013111109,0.013111109,0.039333327,0.065555546,0.078666655,0.026222218,0.026222218,0.039333327,0.065555546,0.218307565,0.25724807,1
0,0,0.04969883,0.033132553,0,0.033132553,0.066265107,0.04969883,0.04969883,0.033132553,0.132530214,0.04969883,0.033132553,0.066265107,0.033132553,0.033132553,0.191668975,0.145679957,1
0.031892432,0.015946216,0.031892432,0.015946216,0.015946216,0.063784865,0.079731081,0.031892432,0.047838648,0.031892432,0.095677297,0.047838648,0,0.079731081,0.015946216,0.031892432,0.174265566,0.187885788,1
0.057140732,0.014285183,0.028570366,0.014285183,0.014285183,0,0.071425914,0.028570366,0.014285183,0.071425914,0.057140732,0.057140732,0.028570366,0.028570366,0.042855549,0.042855549,0.224126681,0.204466003,1
0.028588227,0.014294113,0.014294113,0.014294113,0.014294113,0,0.071470567,0.057176454,0,0.071470567,0.04288234,0.071470567,0.028588227,0.057176454,0.04288234,0.04288234,0.224539265,0.203696195,1
0.014468354,0,0.014468354,0.014468354,0.014468354,0,0.086810126,0.057873417,0,0.086810126,0.043405063,0.072341772,0.014468354,0.057873417,0.057873417,0.043405063,0.237585996,0.183679832,1
0,0.014500619,0.014500619,0.058002475,0.043501856,0.014500619,0.043501856,0.029001238,0.029001238,0.014500619,0.087003713,0.072503094,0.014500619,0.087003713,0.058002475,0,0.214395664,0.205579584,1
0.015459511,0.015459511,0.061838042,0.030919021,0.030919021,0,0.030919021,0.046378532,0.046378532,0.015459511,0.077297553,0.061838042,0.030919021,0.092757063,0.030919021,0.030919021,0.182740056,0.198879524,1
0.016491909,0.016491909,0.049475728,0.016491909,0.032983818,0.065967637,0.049475728,0.049475728,0.049475728,0.016491909,0.082459546,0.049475728,0.016491909,0.082459546,0.016491909,0.049475728,0.150684037,0.189639596,1
0.039162681,0.013054227,0.026108454,0,0,0.013054227,0.065271134,0.013054227,0.013054227,0.039162681,0.065271134,0.078325361,0.026108454,0.026108454,0.039162681,0.065271134,0.216899192,0.260931734,1
0.016389366,0.016389366,0.081946829,0.032778732,0.049168097,0.016389366,0.016389366,0.032778732,0.049168097,0.016389366,0.081946829,0.065557463,0.032778732,0.065557463,0.016389366,0.065557463,0.167451789,0.176973579,1
0.033515994,0.033515994,0.067031988,0,0.067031988,0.067031988,0.016757997,0.050273991,0.016757997,0.050273991,0.050273991,0.050273991,0.016757997,0.050273991,0.050273991,0.050273991,0.201509714,0.128170408,1
0.016419698,0.016419698,0.065678793,0.032839396,0.032839396,0.016419698,0.032839396,0.032839396,0.049259095,0.016419698,0.098518189,0.065678793,0.032839396,0.065678793,0.016419698,0.065678793,0.165698542,0.17751353,1
0.068268993,0.017067248,0.051201744,0.034134496,0.017067248,0.068268993,0.017067248,0.051201744,0.051201744,0,0.068268993,0.051201744,0.034134496,0.068268993,0.034134496,0.051201744,0.150428274,0.166881801,1
0,0,0.0485615,0.032374334,0,0.0485615,0.0485615,0.032374334,0.0485615,0,0.129497334,0.064748667,0.032374334,0.080935834,0.032374334,0.0485615,0.175508152,0.177005178,1
0.064383954,0.032191977,0.016095988,0.032191977,0.032191977,0.064383954,0.048287965,0.016095988,0.032191977,0.032191977,0.080479942,0.032191977,0.016095988,0.048287965,0.032191977,0.064383954,0.179007079,0.177153381,1
0,0.029785601,0.029785601,0.0148928,0.0148928,0.074464001,0.059571201,0.0148928,0.044678401,0.029785601,0.089356802,0.074464001,0.0148928,0.044678401,0.044678401,0.0148928,0.213238131,0.191049858,1
0.06284135,0.015710338,0.047131013,0.031420675,0.06284135,0,0.06284135,0.015710338,0.047131013,0.031420675,0.06284135,0.06284135,0,0.078551688,0.031420675,0.015710338,0.210232233,0.161354263,1
0.016740153,0.016740153,0.033480306,0.05022046,0.05022046,0.083700766,0.05022046,0.016740153,0.033480306,0.083700766,0.05022046,0.033480306,0.016740153,0.033480306,0.05022046,0.05022046,0.21754722,0.112846651,1
0.041760315,0.041760315,0.041760315,0,0.02784021,0.069600526,0.041760315,0,0.041760315,0.013920105,0.083520631,0.055680421,0.013920105,0.013920105,0.02784021,0.041760315,0.190220485,0.252975309,1
0,0.014929492,0.029858984,0.014929492,0.029858984,0.074647461,0.029858984,0.014929492,0.014929492,0.029858984,0.104506445,0.059717968,0.014929492,0.044788476,0.029858984,0.089576953,0.183648103,0.219172212,1
0.016003129,0.016003129,0.016003129,0.016003129,0.032006259,0.064012518,0.064012518,0.064012518,0.016003129,0.032006259,0.096018777,0.048009388,0,0.096018777,0.032006259,0.032006259,0.166425243,0.193449577,1
0.031828513,0.015914256,0.047742769,0.015914256,0.015914256,0.111399794,0.063657025,0,0.063657025,0.031828513,0.095485538,0.047742769,0,0.047742769,0.031828513,0.015914256,0.179351097,0.184078653,1
0.030033966,0.030033966,0.075084915,0,0.030033966,0.015016983,0.030033966,0.030033966,0.030033966,0.030033966,0.105118882,0.075084915,0.030033966,0.030033966,0.030033966,0.030033966,0.20554615,0.193774526,1
0.065097618,0.016274404,0.032548809,0.016274404,0.032548809,0.032548809,0.048823213,0.048823213,0.016274404,0.048823213,0.097646427,0.048823213,0.016274404,0.065097618,0.032548809,0.032548809,0.166931824,0.182091999,1
0.031615468,0.015807734,0.063230936,0.015807734,0.015807734,0.094846404,0.063230936,0.015807734,0.063230936,0.031615468,0.094846404,0.047423202,0,0.047423202,0.015807734,0.015807734,0.181453899,0.186236739,1
0.030366502,0.030366502,0.075916254,0,0.045549753,0.015183251,0.030366502,0.030366502,0.030366502,0.030366502,0.106282756,0.060733004,0.030366502,0.030366502,0.030366502,0.030366502,0.20325016,0.189419805,1
0,0.031853441,0.031853441,0.047780162,0.047780162,0.031853441,0.047780162,0.031853441,0.047780162,0.031853441,0.047780162,0.031853441,0.031853441,0.063706882,0.031853441,0.079633603,0.182527119,0.180404059,1
0.029891692,0.059783384,0.029891692,0.014945846,0.014945846,0.014945846,0.044837538,0.044837538,0.059783384,0.014945846,0.044837538,0.059783384,0.029891692,0.029891692,0.059783384,0.044837538,0.219285605,0.182880557,1
0.014942547,0.029885095,0.029885095,0.014942547,0.029885095,0.074712736,0.044827642,0.029885095,0.029885095,0.014942547,0.074712736,0.059770189,0.014942547,0.059770189,0.029885095,0.044827642,0.192290124,0.210007986,1
0.014973708,0.014973708,0.044921123,0.029947415,0.029947415,0.029947415,0.029947415,0.029947415,0.029947415,0.014973708,0.104815953,0.05989483,0.029947415,0.074868538,0.029947415,0.029947415,0.18090289,0.220148808,1
0.049708679,0.082847799,0.03313912,0.01656956,0.066278239,0.049708679,0.03313912,0.066278239,0.049708679,0.01656956,0,0.03313912,0.01656956,0.066278239,0.03313912,0.049708679,0.190387938,0.146829671,1
0.014973708,0.014973708,0.044921123,0.029947415,0.029947415,0.029947415,0.029947415,0.029947415,0.029947415,0.014973708,0.104815953,0.05989483,0.029947415,0.074868538,0.029947415,0.029947415,0.18090289,0.220148808,1
0.050568486,0.016856162,0.050568486,0.067424648,0.016856162,0.016856162,0.033712324,0.050568486,0.08428081,0.033712324,0.067424648,0.033712324,0.033712324,0.050568486,0.050568486,0.016856162,0.172078594,0.153674924,1
0.031524358,0.015762179,0.047286537,0.015762179,0.015762179,0.094573075,0.078810896,0,0.063048717,0.031524358,0.094573075,0.047286537,0,0.047286537,0.031524358,0.015762179,0.182353176,0.187159659,1
0.015516001,0.015516001,0.062064004,0.031032002,0.031032002,0.031032002,0.031032002,0.031032002,0.046548003,0.015516001,0.077580006,0.062064004,0.031032002,0.077580006,0.031032002,0.031032002,0.183410909,0.195949046,1
0.01445755,0.028915101,0.028915101,0.01445755,0.028915101,0.01445755,0.057830201,0.043372651,0.028915101,0.028915101,0.072287752,0.057830201,0.01445755,0.072287752,0.028915101,0.043372651,0.208604805,0.213093182,1
0.015767165,0,0.03153433,0.047301494,0.03153433,0.015767165,0.047301494,0.03153433,0.047301494,0.03153433,0.078835824,0.047301494,0.015767165,0.063068659,0.047301494,0.078835824,0.171080813,0.198232596,1
0.015790206,0,0.031580413,0.063160825,0.031580413,0.015790206,0.047370619,0.015790206,0.047370619,0.031580413,0.078951032,0.047370619,0.015790206,0.078951032,0.031580413,0.078951032,0.170693669,0.197698079,1
0,0.016091191,0.048273572,0.016091191,0.048273572,0.096547143,0.064364762,0,0.032182381,0.080455953,0.096547143,0.032182381,0,0.016091191,0.048273572,0.048273572,0.189779171,0.166573209,1
0.031591997,0,0.078979992,0.031591997,0.047387995,0,0.063183994,0.031591997,0.047387995,0.047387995,0.015795998,0.078979992,0.015795998,0.094775991,0.031591997,0.015795998,0.208048205,0.160111857,1
0.034890137,0.017445069,0.069780275,0.017445069,0.052335206,0.052335206,0,0.052335206,0.034890137,0,0.069780275,0.069780275,0.017445069,0.087225343,0.034890137,0.087225343,0.146311701,0.155885553,1
0.048473533,0.016157844,0.064631378,0.016157844,0.048473533,0.016157844,0.048473533,0.032315689,0.048473533,0.048473533,0.016157844,0.080789222,0.016157844,0.064631378,0.048473533,0.032315689,0.228758743,0.124927478,1
0.047067063,0.015689021,0.062756084,0.031378042,0.078445106,0,0.047067063,0,0.031378042,0.031378042,0.062756084,0.078445106,0,0.078445106,0.031378042,0.031378042,0.214122151,0.158317004,1
0.048865692,0.016288564,0.065154256,0.032577128,0.032577128,0.048865692,0.032577128,0.032577128,0.048865692,0.016288564,0.065154256,0.065154256,0.032577128,0.065154256,0.032577128,0.016288564,0.160569323,0.187888115,1
0.031420407,0.015710203,0.062840814,0.015710203,0.062840814,0.015710203,0.04713061,0.015710203,0.031420407,0.015710203,0.062840814,0.09426122,0,0.09426122,0.031420407,0.031420407,0.225157306,0.146434558,1
0.071440739,0.014288148,0.042864443,0.014288148,0.014288148,0.014288148,0.085728887,0.014288148,0.028576296,0.028576296,0.071440739,0.071440739,0.028576296,0.057152591,0.014288148,0,0.239395755,0.189078331,1
0.051571452,0.017190484,0.034380968,0.051571452,0.034380968,0.051571452,0.051571452,0.034380968,0.068761936,0.017190484,0.051571452,0.034380968,0,0.103142904,0.034380968,0.051571452,0.124795861,0.187584778,1
0.032954202,0.016477101,0.049431303,0.032954202,0.032954202,0.049431303,0,0.049431303,0.032954202,0.049431303,0.115339707,0.032954202,0.032954202,0.032954202,0.065908404,0.032954202,0.166937327,0.173978631,1
0.030782401,0.030782401,0.030782401,0.046173602,0,0.030782401,0.061564802,0.046173602,0.061564802,0.046173602,0.061564802,0.030782401,0.030782401,0.046173602,0.046173602,0.015391201,0.219245954,0.165106025,1
0.035941178,0.017970589,0.035941178,0.017970589,0.053911767,0.071882356,0,0.071882356,0.017970589,0.053911767,0.053911767,0.035941178,0,0.071882356,0.071882356,0.107823533,0.117764771,0.163411672,1
0.069112058,0.069112058,0.017278014,0.034556029,0.051834043,0.051834043,0.034556029,0.069112058,0.051834043,0.017278014,0,0.017278014,0.034556029,0.069112058,0.034556029,0.069112058,0.148124684,0.160754738,1
0.05121975,0.068293,0,0.05121975,0.05121975,0.05121975,0.0341465,0.068293,0.05121975,0.01707325,0.01707325,0.01707325,0.01707325,0.068293,0.0341465,0.085366251,0.147338077,0.169731919,1
0.041057806,0.041057806,0.02737187,0.013685935,0.02737187,0.068429676,0.082115611,0,0.013685935,0.041057806,0.068429676,0.054743741,0.02737187,0.02737187,0,0.013685935,0.2327946,0.219767991,1
0.017208378,0.017208378,0.051625134,0.017208378,0.034416756,0.103250269,0.017208378,0.051625134,0.034416756,0.034416756,0.103250269,0.051625134,0.017208378,0.051625134,0.051625134,0.034416756,0.133721232,0.177943642,1
0.04993612,0.016645373,0.066581493,0.033290747,0.033290747,0.066581493,0.033290747,0.033290747,0.04993612,0.033290747,0.066581493,0.04993612,0.016645373,0.066581493,0.033290747,0.016645373,0.160051026,0.17413404,1
0.030488635,0.030488635,0.015244317,0.015244317,0.030488635,0.091465904,0.106710221,0.015244317,0.030488635,0.045732952,0.060977269,0.030488635,0,0.076221586,0,0.030488635,0.216132914,0.174094396,1
0.029980947,0.044971421,0.029980947,0.029980947,0.059961895,0.059961895,0.074952368,0.014990474,0.014990474,0.044971421,0.044971421,0.029980947,0.029980947,0.059961895,0,0.029980947,0.221446042,0.178935012,1
0,0.028617121,0.057234241,0.042925681,0.01430856,0,0.085851362,0.01430856,0.042925681,0.071542802,0.042925681,0.042925681,0.057234241,0.01430856,0.028617121,0.028617121,0.248101118,0.179556467,1
0.032222095,0.016111048,0.06444419,0,0.048333143,0.016111048,0,0.080555238,0,0.048333143,0.080555238,0.080555238,0.032222095,0.048333143,0.080555238,0.016111048,0.194974327,0.160583771,1
0.033898781,0.033898781,0.050848171,0.01694939,0.033898781,0.033898781,0.01694939,0.084746952,0.01694939,0.050848171,0.033898781,0.050848171,0.050848171,0.033898781,0.050848171,0.084746952,0.178707159,0.143317222,1
0.015169268,0,0.030338536,0.045507805,0.015169268,0.030338536,0.060677073,0.030338536,0.030338536,0.045507805,0.091015609,0.045507805,0.030338536,0.060677073,0.030338536,0.045507805,0.207679183,0.185550089,1
0,0.044210689,0.073684482,0.044210689,0.058947586,0,0.058947586,0.014736896,0.014736896,0.073684482,0.029473793,0.044210689,0.073684482,0.014736896,0.014736896,0.029473793,0.26438695,0.146137192,1
0.017289563,0.017289563,0.086447817,0.017289563,0.05186869,0.05186869,0.034579127,0.034579127,0.086447817,0.069158254,0.034579127,0.05186869,0,0.034579127,0.069158254,0.034579127,0.150699515,0.157717946,1
0.016326264,0.016326264,0.032652528,0.065305056,0.048978792,0.065305056,0.032652528,0.016326264,0.032652528,0.032652528,0.048978792,0.065305056,0.032652528,0.048978792,0.048978792,0.048978792,0.187288203,0.159661238,1
0.035848492,0.035848492,0.071696983,0.035848492,0.089621229,0.053772737,0,0.053772737,0.035848492,0.053772737,0.053772737,0.017924246,0.017924246,0.053772737,0.035848492,0.071696983,0.131952691,0.151077477,1
0.03499381,0.087484526,0.017496905,0.069987621,0.052490716,0.052490716,0,0.052490716,0.069987621,0,0,0.052490716,0.03499381,0.017496905,0.104981431,0.052490716,0.201619576,0.098504215,1
0.018177335,0,0.036354671,0.054532006,0.054532006,0.090886677,0,0.072709342,0.036354671,0.036354671,0.054532006,0.054532006,0,0.072709342,0.090886677,0.054532006,0.15928044,0.113626141,1
0,0.044948506,0.029965671,0.014982835,0.029965671,0.044948506,0.029965671,0.044948506,0.044948506,0.059931341,0.119862682,0.029965671,0.014982835,0.014982835,0.074914176,0,0.196660393,0.204026196,1
0,0.032605117,0.081512793,0,0.065210234,0.065210234,0,0.065210234,0.032605117,0.081512793,0.097815352,0.032605117,0.016302559,0.016302559,0.048907676,0.016302559,0.172571403,0.175326253,1
0,0.031692169,0.063384338,0,0.047538253,0.063384338,0.015846084,0.063384338,0.031692169,0.063384338,0.079230422,0.047538253,0.015846084,0.031692169,0.063384338,0.015846084,0.180847176,0.185309448,1
0,0.082259824,0.049355895,0.049355895,0.098711789,0.098711789,0.03290393,0.03290393,0.03290393,0.016451965,0.03290393,0.016451965,0.03290393,0.065807859,0,0.016451965,0.203407031,0.138514374,1
0.044183573,0.044183573,0.044183573,0.014727858,0.044183573,0.014727858,0.044183573,0.029455715,0.029455715,0.044183573,0.103095004,0.044183573,0.029455715,0.029455715,0.029455715,0,0.211591771,0.199293921,1
0.014253196,0.028506392,0.014253196,0.028506392,0.014253196,0.014253196,0.042759589,0.028506392,0.042759589,0.028506392,0.156785158,0.057012785,0.014253196,0.028506392,0.057012785,0,0.186055814,0.243816337,1
0.03551249,0.017756245,0.071024979,0.03551249,0.017756245,0.03551249,0.017756245,0.088781224,0.053268735,0.017756245,0,0.088781224,0.053268735,0.071024979,0.071024979,0.03551249,0.179690785,0.11005942,1
0.105181118,0.087650931,0.017530186,0,0.105181118,0.122711304,0.017530186,0.052590559,0,0.070120745,0.035060373,0,0,0.017530186,0.035060373,0.035060373,0.149959192,0.148833357,1
0.10433303,0.086944192,0,0,0.086944192,0.139110707,0.017388838,0.069555353,0,0.069555353,0.034777677,0,0,0.017388838,0.034777677,0.034777677,0.158146848,0.146299619,1
0.034514507,0.069029015,0.034514507,0.017257254,0.069029015,0.120800776,0.017257254,0.069029015,0.034514507,0.051771761,0.034514507,0.017257254,0,0.051771761,0.051771761,0.017257254,0.151894674,0.157815178,1
0.052410743,0.017470248,0.069880991,0.034940495,0.069880991,0.052410743,0,0.034940495,0.052410743,0.017470248,0.052410743,0.052410743,0,0.069880991,0.069880991,0.052410743,0.166895561,0.13429453,1
0,0.016564473,0.066257894,0.016564473,0.016564473,0.016564473,0.033128947,0.099386841,0.033128947,0.082822367,0.066257894,0.016564473,0.04969342,0.04969342,0.033128947,0.066257894,0.149534553,0.187886507,1
0,0,0.034331762,0.068663524,0.034331762,0.085829405,0.051497643,0.017165881,0.051497643,0.085829405,0.051497643,0.034331762,0.017165881,0.034331762,0.068663524,0.051497643,0.187907241,0.125457519,1
0.016101454,0.016101454,0.080507269,0.032202907,0.032202907,0.016101454,0.032202907,0.048304361,0.064405815,0.032202907,0.064405815,0.048304361,0.016101454,0.080507269,0.032202907,0.032202907,0.160466221,0.195475631,1
0.078027006,0.039013503,0.058520254,0.097533757,0.078027006,0.058520254,0,0.019506751,0.078027006,0,0.019506751,0.019506751,0.019506751,0.078027006,0.039013503,0.097533757,0.114571204,0.105158741,1
0.053021385,0.017673795,0.07069518,0.07069518,0.017673795,0,0.03534759,0.03534759,0.10604277,0.017673795,0.088368975,0.017673795,0.03534759,0.053021385,0.053021385,0.03534759,0.154909635,0.138138567,1
0.033151858,0,0.049727787,0.066303716,0.016575929,0.049727787,0.049727787,0.016575929,0.082879645,0,0.066303716,0.049727787,0.016575929,0.082879645,0.033151858,0.049727787,0.144719973,0.192242869,1
0.015168783,0.015168783,0.060675131,0.030337565,0.030337565,0,0.030337565,0.045506348,0.045506348,0.015168783,0.075843914,0.075843914,0.030337565,0.075843914,0.030337565,0.030337565,0.185242925,0.208005765,1
0.015894549,0.015894549,0.079472743,0.031789097,0.031789097,0,0.031789097,0.047683646,0.063578195,0.015894549,0.063578195,0.063578195,0.031789097,0.079472743,0.031789097,0.031789097,0.169407605,0.194810448,1
0,0.031110305,0.077775763,0.015555153,0.015555153,0.015555153,0.015555153,0.046665458,0.062220611,0.031110305,0.062220611,0.077775763,0.046665458,0.031110305,0.062220611,0.031110305,0.210277506,0.167516387,1
0,0.031617333,0.047425999,0.015808666,0.015808666,0.031617333,0.015808666,0.079043332,0.015808666,0.031617333,0.047425999,0.079043332,0.047425999,0.047425999,0.079043332,0.047425999,0.205151861,0.162501484,1
0.031198891,0,0.046798336,0.031198891,0.015599445,0.031198891,0.062397781,0.046798336,0.031198891,0.046798336,0.077997227,0.046798336,0.031198891,0.077997227,0.015599445,0.031198891,0.188947441,0.187074747,1
0.015295465,0.015295465,0.045886396,0.03059093,0,0.03059093,0.061181861,0.045886396,0.045886396,0.03059093,0.091772791,0.045886396,0.03059093,0.076477326,0.015295465,0.03059093,0.191678456,0.196502935,1
0.014600813,0.014600813,0.029201627,0.04380244,0.029201627,0.014600813,0.073004066,0.029201627,0,0.08760488,0.04380244,0.04380244,0.058403253,0.029201627,0.04380244,0.029201627,0.254247555,0.161719914,1
0,0.014237631,0.028475261,0.056950522,0.014237631,0,0.071188153,0.014237631,0.014237631,0.071188153,0.042712892,0.071188153,0.071188153,0.014237631,0.056950522,0.028475261,0.279931274,0.150563505,1
0,0.016523001,0.066092004,0.016523001,0.016523001,0.049569003,0.049569003,0.033046002,0.099138006,0.049569003,0.033046002,0.066092004,0,0.033046002,0.099138006,0.033046002,0.168457714,0.170622247,1
0.016197407,0.032394815,0,0.032394815,0.048592222,0.080987037,0.064789629,0.048592222,0.016197407,0.048592222,0.032394815,0.048592222,0,0.080987037,0.064789629,0.032394815,0.208880603,0.143223102,1
0.044989351,0.01499645,0.01499645,0.059985801,0.029992901,0.059985801,0.059985801,0.01499645,0.01499645,0.029992901,0.059985801,0.044989351,0.044989351,0.059985801,0.029992901,0.01499645,0.191659596,0.208482389,1
0,0.029785601,0.029785601,0.0148928,0.0148928,0.074464001,0.059571201,0.0148928,0.044678401,0.029785601,0.089356802,0.074464001,0.0148928,0.044678401,0.044678401,0.0148928,0.213238131,0.191049858,1
0.041807886,0.013935962,0.055743848,0.027871924,0,0.013935962,0.055743848,0.013935962,0.055743848,0.027871924,0.055743848,0.06967981,0.041807886,0.027871924,0.041807886,0.013935962,0.211521245,0.231040279,1
0.032917445,0,0.098752336,0.016458723,0.032917445,0.049376168,0.049376168,0.016458723,0.065834891,0.032917445,0.049376168,0.065834891,0,0.082293614,0.016458723,0.049376168,0.150825541,0.19082555,1
0.014599702,0.043799107,0.014599702,0.058398809,0.029199405,0.014599702,0.058398809,0.014599702,0.029199405,0.058398809,0.043799107,0.058398809,0.072998512,0,0.058398809,0.014599702,0.270512082,0.145499826,1
0.015318267,0.015318267,0.061273067,0.0459548,0.015318267,0.015318267,0.0459548,0,0.061273067,0.030636533,0.0459548,0.0919096,0.030636533,0.015318267,0.0919096,0.030636533,0.212005871,0.175263464,1
0.051726651,0.017242217,0.068968868,0.034484434,0.034484434,0.068968868,0.034484434,0.051726651,0.051726651,0.017242217,0.051726651,0.051726651,0.034484434,0.068968868,0.034484434,0.017242217,0.147229435,0.163081881,1
0.052277127,0.017425709,0.069702835,0.034851418,0.034851418,0.069702835,0.034851418,0.052277127,0.069702835,0.034851418,0.069702835,0.034851418,0.017425709,0.069702835,0.017425709,0.017425709,0.1454204,0.157551245,1
0.052367586,0.034911724,0.052367586,0.052367586,0.052367586,0.034911724,0.017455862,0.052367586,0.052367586,0.034911724,0.034911724,0.034911724,0.017455862,0.052367586,0.052367586,0.069823449,0.134879388,0.166886127,1
0.051738774,0.017246258,0.034492516,0.051738774,0.034492516,0.051738774,0.051738774,0.034492516,0.068985032,0.017246258,0.051738774,0.034492516,0,0.08623129,0.034492516,0.068985032,0.119533372,0.190616309,1
0.015138479,0.015138479,0.060553914,0.015138479,0.030276957,0.030276957,0.060553914,0.015138479,0.030276957,0.060553914,0.060553914,0.075692393,0.045415436,0.030276957,0.030276957,0.030276957,0.270700607,0.12376025,1
0,0,0.050412792,0.067217056,0.033608528,0.033608528,0.050412792,0.016804264,0.050412792,0.067217056,0.050412792,0.050412792,0.033608528,0.050412792,0.067217056,0.050412792,0.20005097,0.127778473,1
0.015532731,0,0.093196388,0.015532731,0.031065463,0,0.031065463,0.031065463,0.015532731,0.093196388,0.077663657,0.077663657,0.046598194,0.015532731,0.062130925,0.015532731,0.239453503,0.139237243,1
0,0.032179251,0.032179251,0.016089625,0.032179251,0.144806629,0.064358502,0.032179251,0.032179251,0.048268876,0.064358502,0.048268876,0.016089625,0.048268876,0.016089625,0.016089625,0.18385417,0.17256081,1
0.050277432,0.016759144,0.067036576,0.033518288,0.033518288,0.033518288,0.050277432,0.050277432,0.050277432,0.033518288,0.016759144,0.067036576,0.016759144,0.100554864,0.033518288,0.016759144,0.188384338,0.141249902,1
0.055705833,0.018568611,0.074274443,0.037137222,0.037137222,0.037137222,0.018568611,0.074274443,0.074274443,0,0.074274443,0.055705833,0.018568611,0.111411665,0.037137222,0.018568611,0.119445541,0.137810024,1
0.034890137,0.017445069,0.069780275,0.017445069,0.052335206,0.052335206,0,0.052335206,0.034890137,0,0.069780275,0.069780275,0.017445069,0.087225343,0.034890137,0.087225343,0.146311701,0.155885553,1
0.014142461,0,0.056569846,0,0.014142461,0.014142461,0.056569846,0.028284923,0.014142461,0.084854769,0.09899723,0.056569846,0.042427384,0.014142461,0.028284923,0.042427384,0.214009891,0.220291651,1
0.051889517,0.017296506,0.034593012,0.051889517,0.034593012,0.051889517,0.034593012,0.034593012,0.069186023,0.017296506,0.051889517,0.034593012,0,0.069186023,0.051889517,0.086482529,0.123188552,0.184951217,1
0.050815283,0.016938428,0.033876855,0.050815283,0.033876855,0.050815283,0.050815283,0.033876855,0.06775371,0.016938428,0.050815283,0.050815283,0,0.084692138,0.050815283,0.033876855,0.13478276,0.187680139,1
0.047975044,0.015991681,0.047975044,0.031983363,0.063966725,0.015991681,0.047975044,0.015991681,0.031983363,0.015991681,0.063966725,0.079958407,0,0.095950088,0.031983363,0.031983363,0.216109327,0.144223419,1
0.062937514,0.015734378,0.047203135,0.031468757,0.078671892,0.015734378,0.047203135,0,0.031468757,0.015734378,0.062937514,0.078671892,0,0.078671892,0.031468757,0.031468757,0.215661523,0.154963339,1
0.05147184,0.01715728,0.068629121,0.03431456,0.03431456,0.068629121,0.03431456,0.03431456,0.05147184,0.03431456,0.102943681,0.03431456,0.01715728,0.05147184,0.03431456,0.01715728,0.140046959,0.173661836,1
0.017440241,0.017440241,0.052320724,0.034880483,0.017440241,0.017440241,0.052320724,0.087201207,0.087201207,0.034880483,0.087201207,0.017440241,0.017440241,0.087201207,0.034880483,0.034880483,0.132044897,0.170345447,1
0.016389366,0.016389366,0.081946829,0.032778732,0.049168097,0.016389366,0.016389366,0.032778732,0.049168097,0.016389366,0.081946829,0.065557463,0.032778732,0.065557463,0.016389366,0.065557463,0.167451789,0.176973579,1
0.050514775,0.016838258,0.033676517,0.050514775,0.033676517,0.067353033,0.050514775,0.016838258,0.050514775,0.033676517,0.067353033,0.033676517,0.016838258,0.067353033,0.016838258,0.067353033,0.166825346,0.159644324,1
0.016905482,0.033810964,0.050716446,0.050716446,0.033810964,0.033810964,0.033810964,0.067621928,0.067621928,0.033810964,0.033810964,0.033810964,0.016905482,0.08452741,0.050716446,0.033810964,0.141507858,0.182272861,1
0.015669295,0,0.015669295,0.03133859,0.015669295,0.03133859,0.047007885,0.047007885,0.03133859,0.047007885,0.125354361,0.047007885,0,0.078346475,0.06267718,0.03133859,0.198040323,0.175187873,1
0,0.016952209,0.033904417,0.016952209,0.033904417,0.050856626,0.016952209,0.084761043,0.016952209,0.050856626,0.11866546,0.033904417,0.016952209,0.067808834,0.050856626,0.067808834,0.185504106,0.136407552,1
0.017147469,0.017147469,0.034294938,0,0.034294938,0.051442407,0.017147469,0.085737345,0,0.051442407,0.085737345,0.051442407,0.017147469,0.085737345,0.051442407,0.085737345,0.172702492,0.141398751,1
0.034527649,0.034527649,0.069055298,0,0.051791474,0.051791474,0.017263825,0.069055298,0.017263825,0.051791474,0.069055298,0.034527649,0.034527649,0.051791474,0.034527649,0.069055298,0.177316654,0.132130362,1
0.014824253,0,0.014824253,0.029648506,0,0.014824253,0.059297012,0.044472759,0.029648506,0.014824253,0.103769772,0.074121266,0.014824253,0.088945519,0.044472759,0.044472759,0.217345559,0.189684316,1
0.061205125,0.015301281,0.030602563,0.045903844,0.015301281,0.030602563,0.030602563,0.015301281,0.061205125,0.015301281,0.061205125,0.061205125,0.015301281,0.030602563,0.091807688,0.030602563,0.17258833,0.21536042,1
0.030336208,0.030336208,0,0.015168104,0.030336208,0.091008624,0.060672416,0.045504312,0.015168104,0.045504312,0.07584052,0.045504312,0,0.045504312,0.060672416,0.015168104,0.194000127,0.199275715,1
0.051476408,0.017158803,0.034317606,0.051476408,0.034317606,0.051476408,0.051476408,0.034317606,0.068635211,0.017158803,0.051476408,0.034317606,0,0.085794014,0.034317606,0.068635211,0.125204,0.188443888,1
0.065233799,0.01630845,0.048925349,0.01630845,0.01630845,0.0326169,0.01630845,0.048925349,0.0326169,0.0326169,0.065233799,0.065233799,0.0326169,0.048925349,0.065233799,0.048925349,0.189219709,0.158442298,1
0.063850468,0,0.047887851,0.015962617,0,0.015962617,0.015962617,0.079813085,0,0.063850468,0.047887851,0.063850468,0.063850468,0.031925234,0.063850468,0.063850468,0.201342341,0.160152978,1
0.032849013,0.032849013,0.04927352,0.016424507,0.032849013,0.04927352,0.032849013,0.04927352,0.04927352,0,0.098547039,0.065698026,0.016424507,0.082122533,0.032849013,0.016424507,0.155948626,0.18707111,1
0.032549138,0.032549138,0.048823706,0.016274569,0.032549138,0.065098275,0.032549138,0.048823706,0.048823706,0.016274569,0.097647413,0.048823706,0.016274569,0.048823706,0.048823706,0.016274569,0.160719504,0.188297746,1
0.053021385,0.017673795,0.07069518,0.07069518,0.017673795,0,0.03534759,0.03534759,0.10604277,0.017673795,0.088368975,0.017673795,0.03534759,0.053021385,0.053021385,0.03534759,0.154909635,0.138138567,1
0.050604047,0.016868016,0.050604047,0.033736031,0.033736031,0.067472062,0.050604047,0.033736031,0.050604047,0.033736031,0.101208093,0.033736031,0.016868016,0.050604047,0.016868016,0.033736031,0.15499907,0.170280309,1
0,0,0.053818143,0.071757524,0.089696906,0.107636287,0.035878762,0.017939381,0.035878762,0.053818143,0.053818143,0.053818143,0,0.089696906,0.035878762,0.017939381,0.148958593,0.133466163,1
0.015840223,0.031680447,0.079201117,0.015840223,0.031680447,0.031680447,0.031680447,0.031680447,0.04752067,0.063360894,0.063360894,0.063360894,0.031680447,0.015840223,0.063360894,0.015840223,0.201006627,0.165384438,1
0.016165594,0.016165594,0.016165594,0.048496783,0.048496783,0.064662377,0.032331188,0.048496783,0.016165594,0.032331188,0.048496783,0.064662377,0.032331188,0.064662377,0.064662377,0.032331188,0.226389406,0.126986826,1
0,0,0.095376388,0.031792129,0.031792129,0,0.031792129,0.031792129,0.031792129,0.095376388,0.079480323,0.063584258,0.063584258,0.015896065,0.047688194,0.015896065,0.233802783,0.130354632,1
0,0,0.114696625,0.016385232,0.032770464,0.049155697,0.032770464,0.032770464,0.049155697,0.049155697,0.081926161,0.081926161,0.049155697,0.032770464,0.032770464,0,0.209804369,0.134786343,1
0.033243897,0.016621948,0.033243897,0.049865845,0.066487793,0.066487793,0.033243897,0.033243897,0.016621948,0.049865845,0.049865845,0.049865845,0.033243897,0.049865845,0.049865845,0.033243897,0.200894146,0.134227919,1
0,0,0.051566131,0.068754841,0.03437742,0.01718871,0.051566131,0.03437742,0.051566131,0.085943551,0.051566131,0.03437742,0.03437742,0.051566131,0.068754841,0.051566131,0.188999653,0.12345194,1
0,0,0.034433436,0.068866872,0.034433436,0.051650154,0.051650154,0.034433436,0.051650154,0.086083589,0.051650154,0.034433436,0.017216718,0.051650154,0.068866872,0.051650154,0.187009138,0.124322146,1
0.031785837,0.015892919,0.079464593,0.015892919,0.047678756,0.031785837,0.031785837,0.047678756,0.047678756,0.063571675,0.063571675,0.047678756,0.031785837,0.047678756,0.031785837,0,0.188911422,0.175371833,1
0.053966696,0.017988899,0.089944493,0.035977797,0.035977797,0.035977797,0.017988899,0.053966696,0.071955595,0.035977797,0.089944493,0.035977797,0.017988899,0.071955595,0.035977797,0.017988899,0.128235294,0.152208758,1
0.049375776,0,0.032917184,0.049375776,0.016458592,0.065834368,0.049375776,0.032917184,0.049375776,0.016458592,0.08229296,0.049375776,0.016458592,0.08229296,0.016458592,0.049375776,0.156215629,0.185440689,1
0.050418725,0.016806242,0.050418725,0.033612483,0,0.067224967,0.033612483,0.050418725,0.067224967,0,0.067224967,0.050418725,0.033612483,0.067224967,0.033612483,0.050418725,0.153000404,0.17474993,1
0.051496617,0,0.051496617,0.068662156,0.034331078,0.068662156,0,0.051496617,0.034331078,0.068662156,0.102993234,0.017165539,0.051496617,0.017165539,0.051496617,0.017165539,0.14982505,0.163553391,1
0.054724363,0,0.072965818,0.036482909,0.072965818,0.127690181,0,0.036482909,0.036482909,0.036482909,0.054724363,0.054724363,0.018241454,0.072965818,0.036482909,0.018241454,0.158328107,0.112013715,1
0,0.017386067,0.086930337,0.052158202,0.052158202,0,0,0.052158202,0.052158202,0.052158202,0.121702472,0.034772135,0.052158202,0.034772135,0.052158202,0.034772135,0.163099635,0.141457666,1
0.054862549,0,0.073150065,0.036575032,0.073150065,0.128012613,0,0.036575032,0.036575032,0.036575032,0.054862549,0.054862549,0,0.073150065,0.054862549,0.018287516,0.157407311,0.111092041,1
0.055695091,0,0.074260121,0.037130061,0.074260121,0.129955212,0,0.037130061,0.037130061,0.037130061,0.055695091,0.055695091,0.01856503,0.074260121,0.037130061,0.01856503,0.136144079,0.12125471,1
0.054921576,0,0.073228768,0.036614384,0.073228768,0.128150344,0,0.036614384,0.036614384,0.036614384,0.054921576,0.054921576,0,0.09153596,0.036614384,0.018307192,0.157032287,0.110680032,1
0,0.034087106,0.085217765,0.051130659,0.051130659,0,0,0.051130659,0.051130659,0.051130659,0.119304871,0.034087106,0.051130659,0.034087106,0.051130659,0.017043553,0.177405426,0.140852452,1
0.032537381,0.01626869,0.097612142,0.032537381,0.048806071,0,0,0.032537381,0.01626869,0.032537381,0.130149522,0.065074761,0.081343451,0.032537381,0.01626869,0.01626869,0.197023684,0.152228704,1
0.096712769,0,0.058027661,0.058027661,0.077370215,0.135397876,0,0.038685107,0.038685107,0.038685107,0.038685107,0.038685107,0,0.077370215,0.038685107,0.038685107,0.13815419,0.088143661,1
0.088146897,0.017629379,0.052888138,0.035258759,0.070517518,0.105776277,0,0.035258759,0.017629379,0.035258759,0.052888138,0.052888138,0,0.070517518,0.052888138,0.017629379,0.163666322,0.1311585,1
0,0.016939073,0.067756292,0.033878146,0.050817219,0.050817219,0.050817219,0.050817219,0.050817219,0.033878146,0.050817219,0.033878146,0.016939073,0.101634438,0.016939073,0.050817219,0.164029644,0.158407435,1
0.01603631,0.01603631,0.064145241,0.01603631,0.01603631,0.032072621,0.064145241,0.048108931,0.080181552,0.032072621,0.064145241,0.032072621,0.01603631,0.080181552,0.01603631,0.048108931,0.16689494,0.191652646,1
0,0.015540612,0.062162448,0,0.031081224,0.046621836,0.093243672,0.031081224,0.046621836,0.07770306,0.124324896,0.031081224,0,0.046621836,0.015540612,0,0.177870952,0.200504567,1
